time_sec,rr_interval_ms,heart_rate_bpm
0.8170114192462656,817.0114192462656,73.4383860330288
1.6596569755522155,842.6455563059498,71.20431544555022
2.5222879565519176,862.6309809997022,69.55465468034322
3.4121755225202532,889.8875659683358,67.4242480674631
4.28373009150713,871.5545689868773,68.84250526016507
5.161054897538962,877.3248060318323,68.38972246935761
6.045753026853696,884.6981293147329,67.81974326822035
6.911066660296695,865.3136334429987,69.33902076784095
7.775383598072638,864.3169377759435,69.41897974878489
8.606892287628218,831.5086895555809,72.15799516426989
9.40378281929074,796.8905316625218,75.29265013956726
10.20650056486487,802.7177455741305,74.74607398530351
11.01537432411737,808.8737592525007,74.17721160276903
11.796224669373345,780.8503452559748,76.83930776816275
12.585179723411759,788.955054038415,76.04995961795125
13.386566292881078,801.3865694693181,74.87023402417671
14.194038138744755,807.471845863678,74.30599631102127
15.016185026362422,822.1468876176656,72.97965960056354
15.830720460709545,814.5354343471232,73.66162044023531
16.673279259184838,842.5587984752916,71.21164731598198
17.541596118542834,868.3168593579952,69.09919962208498
18.41685358574254,875.2574671997058,68.5512574853702
19.30366931130337,886.8157255608301,67.65779887592258
20.170461915756263,866.7926044528924,69.22071057340317
21.046942501697075,876.4805859408114,68.45559498114405
21.939816810751182,892.8743090541084,67.19870802819122
22.783804732184677,843.9879214334966,71.09106478454241
23.603242661422826,819.4379292381466,73.22092114503853
24.409457606538542,806.2149451157163,74.42184043287386
25.206050671507906,796.5930649693643,75.32076619610982
26.02179698207317,815.746310565262,73.55227872060334
26.819700178764524,797.903196691353,75.19709188884146
27.624314334295637,804.6141555311136,74.56990358365609
28.422998769045925,798.6844347502876,75.12353739403883
29.216180037303257,793.1812682573302,75.64475158600735
30.042503197617947,826.3231603146888,72.61081727050974
30.88806116707738,845.5579694594338,70.95906155122407
31.773696529574334,885.6353624969528,67.74797229283676
32.63920896323021,865.5124336558763,69.32309423512652
33.50708683662056,867.8778733903515,69.13415105930852
34.39361157810474,886.5247414841803,67.68000619988413
35.27081880418528,877.2072260805458,68.39888935717768
36.15319165448897,882.3728503036864,67.99846570454858
37.03715674445457,883.9650899655976,67.87598365715449
37.897905402930135,860.7486584755666,69.7067598179744
38.739822763611095,841.9173606809609,71.26590185938286
39.58398633862897,844.1635750178702,71.07627215345065
40.4056198608186,821.6335221896313,73.02525807382057
41.19921331655036,793.593455731766,75.60546217543401
42.00415958256537,804.9462660150087,74.53913699983703
42.81176903751141,807.6094549460412,74.29333526563131
43.63988013205573,828.1110945443193,72.45404680034618
44.47141810258628,831.5379705305478,72.1554542623208
45.29810397226955,826.685869683272,72.5789591915824
46.141173617167794,843.0696448982454,71.16849760050573
46.99042032280947,849.246705641675,70.65084810033512
47.873012165095126,882.5918422856535,67.98159367145026
48.77230127385002,899.2891087548938,66.71936690423472
49.676656691979204,904.3554181291884,66.34559687176986
50.568917200493416,892.2605085142143,67.24493511419838
51.447335464262395,878.418263768979,68.30459073398751
52.33812166716182,890.7862028994286,67.35622959213492
53.18946068921104,851.3390220492149,70.47721112980003
54.03520663398556,845.7459447745186,70.9432902051885
54.86044111447256,825.2344804869991,72.70660814438091
55.66681194811547,806.3708336429127,74.40745311799057
56.469190185635796,802.3782375203239,74.77770108200401
57.27662069496858,807.4305093327814,74.30980041809528
58.08015940957768,803.5387146091032,74.66970652333553
58.89463394771482,814.4745381371412,73.66712793408061
59.71897203015347,824.3380824386495,72.78567044058096
60.55864600789515,839.6739777416756,71.45630517379081
61.402265688906674,843.6196810115255,71.12209607065851
62.249565014066256,847.2993251595801,70.81322764974422
63.140560336350276,890.9953222840221,67.34042087470559
64.02065429999035,880.0939636400726,68.17453871838835
64.91618613271018,895.5318327198188,66.99929338946451
65.79068294467116,874.4968119609741,68.610884773217
66.66483667421026,874.1537295391047,68.63781274677493
67.55002213298295,885.1854587726759,67.78240582848139
68.40549887934303,855.4767463600884,70.1363307130089
69.22585077628855,820.3518969455241,73.13934449765078
70.06322915887267,837.3783825841217,71.65219600587491
70.89593255738002,832.7033985073432,72.05446754216759
71.70442325054454,808.4906931645182,74.2123570589955
72.50460043238171,800.1771818371749,74.9833928808647
73.33606643845145,831.4660060697513,72.16169941043462
74.149590924923,813.5244864715512,73.75315801523595
74.97521947308526,825.6285481622637,72.67190570572178
75.79323030018172,818.0108270964599,73.34866240459283
76.66259416183873,869.363861657008,69.0159812781267
77.539986761111,877.3925992722716,68.38443822043325
78.41976704980229,879.7802886912999,68.19884552000117
79.30367344493177,883.9063951294838,67.88049088751143
80.1805332026514,876.8597577196302,68.42599340633052
81.07408340506416,893.550202412751,67.14787802407619
81.96004557098313,885.9621659189634,67.72298220857441
82.8200844565221,860.0388855389649,69.76428741637595
83.70625402318908,886.1695666669825,67.70713219781295
84.54673082762186,840.4768044327866,71.38804983498892
85.38380783106616,837.0770034443082,71.67799348580704
86.20473666062723,820.9288295610703,73.08794360661017
87.02735045311083,822.6137924835951,72.93823729705643
87.83744589904403,810.0954459331994,74.06534662206657
88.64127262596612,803.8267269220989,74.64295225631975
89.45171024274853,810.4376167824036,74.03407585917813
90.29255229152211,840.8420487735858,71.35704034724867
91.13743197658,844.8796850578942,71.0160287448367
92.00688140772571,869.4494311457089,69.00918886212342
92.87808732849668,871.2059207709675,68.87005536751107
93.75475754291428,876.6702144175955,68.44078766821139
94.63211049945652,877.3529565422423,68.38752813516182
95.50872184324818,876.6113437916695,68.44538394914869
96.38208335107173,873.3615078235405,68.70007375241775
97.26293181505571,880.848463983985,68.1161430748557
98.1823092583502,919.3774432944948,65.2615532800067
99.04956018481705,867.2509264668469,69.18412903222614
99.90932243026229,859.7622454452388,69.78673501640938
100.75236433215376,843.0419018914624,71.1708396289473
101.54674115702943,794.3768248756742,75.53090437827217
102.36561967885189,818.878521822453,73.27094117265057
103.18338245807024,817.7627792183556,73.37091088610069
103.98831364119586,804.9311831256191,74.54053372241673
104.80667434190615,818.3607007102806,73.31730366319417
105.63041388223303,823.7395403268899,72.83855765402473
106.46900365537763,838.5897731446096,71.54869033879021
107.32260926026537,853.605604887735,70.29007267107988
108.20195914809189,879.3498878265244,68.23222568243123
109.08820848948541,886.2493413935204,67.7010376173112
109.9665482660254,878.3397765399837,68.31069433785193
110.86653389053164,899.9856245062487,66.66773153506455
111.75811577239598,891.5818818643371,67.29611852871814
112.65135789886982,893.2421264738422,67.17103708135181
113.5529933880689,901.6354891990843,66.54573906945203
114.4225346838106,869.5412957416909,69.00189823511708
115.28149489604581,858.960212235213,69.85189668316083
116.10623470071377,824.7398046679589,72.75021729326629
116.94250425354521,836.2695528314426,71.74720136211096
117.74586766577674,803.3634122315347,74.68600024157884
118.56835864981804,822.4909840412919,72.94912791042557
119.39321640622147,824.857756403428,72.73981427005546
120.21002340072295,816.8069945014757,73.4567656789227
121.04674751685364,836.7241161306964,71.70822358683874
121.88892740946943,842.1798926157901,71.24368620775482
122.75168056390318,862.7531544337475,69.54480512955055
123.60381226955211,852.1317056489363,70.41165068996855
124.45745654822399,853.6442786718812,70.28688822626368
125.33765287642242,880.1963281984374,68.16661019571215
126.22431360083094,886.6607244085183,67.66962644028847
127.08899230145644,864.6787006255082,69.38993635045713
127.96939009686119,880.3977954047455,68.1510111828667
128.83635254382344,866.9624469622494,69.20714987163984
129.696710925273,860.3583814495599,69.73838030020704
130.54220573198336,845.4948067103398,70.96436255291577
131.37194428248458,829.7385505012203,72.31193484231363
132.20341938059994,831.475098115366,72.16091033393171
133.01157289562587,808.1535150259401,74.24331996882314
133.83688253700223,825.3096413763592,72.69998675883478
134.63939516141787,802.5126244156494,74.76517898231081
135.45413384519827,814.7386837804055,73.64324438554786
136.26765264320855,813.518798010288,73.75367372794405
137.09078831447255,823.135671264009,72.89199350073586
137.96788508468225,877.096770209697,68.40750306908
138.83046035893977,862.5752742575207,69.55914665145744
139.70816679874912,877.7064398093322,68.3599860712359
140.57876025409956,870.5934553504529,68.91850568282449
141.4499285164269,871.1682623273404,68.87303244921826
142.32036887664893,870.4403602220472,68.93062723412108
143.19802271850796,877.6538418590371,68.36408289731705
144.07132160905888,873.2988905509187,68.70499968475757
144.93701169566447,865.6900866055856,69.30886806762801
145.81424854162574,877.2368459612694,68.39657987034558
146.65003281222909,835.7842706033449,71.788860008919
147.45807469059227,808.0418783631794,74.25357720510698
148.26539643865922,807.3217480669667,74.31981133130957
149.0588628778113,793.466439152068,75.61756495223484
149.8686990844058,809.8362065944962,74.08905592442028
150.66449002015835,795.7909357525767,75.39668687386872
151.4783030712448,813.8130510864277,73.72700636823278
152.3077624923638,829.4594211189998,72.33626922828331
153.1538812866741,846.1187943103243,70.91202843320163
154.0159313547576,862.0500680834934,69.60152573665678
154.88423500277221,868.3036480146167,69.10025097463368
155.75623488485036,871.9998820781437,68.80734875446134
156.6211655103545,864.930625504158,69.36972542165067
157.5046057659653,883.4402556107792,67.91630743441517
158.37635063003395,871.7448640686601,68.8274774800099
159.2410455136909,864.6948836569281,69.38863769639846
160.07152783362648,830.4823199355718,72.24717319045968
160.893306943613,821.7791099865331,73.01232079382409
161.7196861579489,826.3792143358972,72.60589201558969
162.53750595466386,817.8197967149564,73.3657955469039
163.3193545266608,781.8485719969384,76.74120302701652
164.1105319906728,791.1774640120019,75.83633600449699
164.91330627854833,802.774287875547,74.74080934851979
165.7301091015929,816.8028230445518,73.45714082666356
166.5350020987826,804.8929971897076,74.54407009315604
167.3704814760016,835.4793772190123,71.81505808044813
168.18960030877787,819.1188327762582,73.24944513440208
169.04086437678447,851.2640680066024,70.48341666822785
169.88866742877724,847.8030519927722,70.77115358215474
170.772515065959,883.8476371817587,67.885003563868
171.6542386676004,881.7236016413885,68.04853571834293
172.5282179545096,873.9792869092067,68.65151256866469
173.39115161998933,862.9336654797044,69.5302575391424
174.27146931136556,880.3176913762316,68.15721254698391
175.11004297935344,838.5736679878835,71.5500644612024
175.92349090957342,813.447930219987,73.76009916673306
176.74052804199087,817.0371324174448,73.43607483600206
177.5251952996534,784.6672576625454,76.46553289190977
178.3083266143301,783.1313146766945,76.61550352480825
179.0959989000371,787.6722857070172,76.17381122676395
179.86849445984095,772.4955598038414,77.67034934833245
180.65311033782237,784.6158779814195,76.47054015063006
181.4491600927233,796.049754900929,75.37217319722333
182.26256587506654,813.4057823432458,73.76392116017789
183.10035367116205,837.787796095498,71.61718072240897
183.95640709999566,856.053428833593,70.08908320331408
184.8084739112669,852.066811271231,70.41701332138933
185.6767686508836,868.2947396166823,69.10095991884924
186.53335017890672,856.5815280231413,70.04587191889462
187.4115948781809,878.2446992741703,68.31808953653497
188.26564793000398,854.0530518230918,70.25324699902644
189.11000787971176,844.3599497077917,71.05974178519985
189.96999733454942,859.9894548376681,69.76829734653622
190.7932065580308,823.2092234813845,72.88548073630373
191.58837632921623,795.1697711854479,75.45558467413989
192.4008310498416,812.4547206253769,73.8502694080179
193.19255765772843,791.7266078868364,75.78373570157434
193.97924014384003,786.6824861115917,76.26965269885129
194.75760116840488,778.3610245648482,77.08505193145263
195.5226756405763,765.0744721714318,78.42373805743145
196.33910322290816,816.4275823318596,73.49090268193724
197.15195476481992,812.8515419117479,73.81421687272172
197.93671411230977,784.7593474898426,76.45655982552867
198.78192921391954,845.2151016097594,70.98784662712089
199.63014277466473,848.21356074519,70.73690256412262
200.47425229783641,844.109523171673,71.08082346299669
201.3342613267441,860.0090289076722,69.76670939863051
202.19924520538225,864.9838786381466,69.36545464230568
203.05878084788577,859.5356425035028,69.80513318242703
203.8956054831143,836.8246352285445,71.69961001878661
204.73132356543599,835.7180823216866,71.79454563591058
205.54451634729838,813.1927818623891,73.78324222527762
206.3506814814422,806.1651341438009,74.42643877637285
207.166059135754,815.3776543118088,73.58553387220418
207.95901933781576,792.9602020617622,75.66584028302434
208.73068769152934,771.6683537135693,77.7536097097368
209.50528664104417,774.5989495148167,77.45943889748628
210.28053844687315,775.251805828978,77.3942086285654
211.09754553595235,817.0070890791914,73.43877525912664
211.90622868541365,808.6831494613132,74.19469546257729
212.7347155288197,828.4868434060435,72.42118625967588
213.55527997002375,820.5644412040682,73.12039979694715
214.39261461659513,837.3346465713784,71.65593857328263
215.25213971206952,859.5250954743908,69.80598974470277
216.11785378908547,865.7140770159466,69.30694740094285
216.9646284672769,846.7746781914298,70.85710230276376
217.82739183758642,862.7633703095352,69.54398165799934
218.66467924578907,837.2874082026595,71.65998128264867
219.50075712107505,836.0778752859787,71.76364998233821
220.31058198796532,809.8248668902792,74.09009336845818
221.10595570044202,795.373712476696,75.43623715343492
221.89920425595383,793.2485555118142,75.63833502512618
222.68339772275203,784.1934667981941,76.51173153096482
223.47019760085126,786.7998780992294,76.25827312651532
224.24627131633096,776.0737154796903,77.3122434160962
225.03353192098774,787.2606046567686,76.21364468778279
225.81304193120837,779.5100102206308,76.97142976139297
226.5891082386369,776.0663074285221,77.31298141109697
227.42280868257677,833.7004439398745,71.96829561041608
228.2476169839733,824.8083013965396,72.74417570532435
229.09422096720638,846.6039832330713,70.87138873463334
229.95205173951769,857.8307723112931,69.94386531313073
230.80466500632613,852.6132668084429,70.37188176134754
231.6513969221055,846.7319157793651,70.8606807914801
232.5093555783678,857.9586562623083,69.93343975499896
233.34084988947643,831.494311108637,72.15924294178464
234.16750281642993,826.6529269535079,72.58185151671819
234.98395599260368,816.4531761737626,73.48859891902782
235.7962680380353,812.3120454316226,73.86324053353039
236.5793090335431,783.0409955078175,76.62434067208552
237.34300011768534,763.6910841422489,78.56579871871871
238.12654178700097,783.5416693156257,76.5753786297112
238.89961858053874,773.0767935377716,77.61195330340553
239.6641350537757,764.5164732369703,78.48097732408486
240.45359267044432,789.4576166686197,76.00154680018169
241.24727277404776,793.6801036034228,75.59720815425673
242.0486528569019,801.3800828541398,74.8708400467206
242.886754787298,838.1019303961067,71.59033743263494
243.71286060088818,826.1058135901807,72.62992102578902
244.56012420565966,847.2636047714776,70.81621311490547
245.41487836266356,854.7541570039068,70.19562234164806
246.27912106335918,864.2427006956141,69.42494272929008
247.13604722830974,856.926164950541,70.01770100398674
247.97876948165953,842.7222533497909,71.19783506547043
248.80177504085387,823.0055591943562,72.90351727239153
249.59531685170737,793.5418108534892,75.61038269107378
250.39120755423866,795.8907025312831,75.38723572115313
251.18253066177832,791.3231075396418,75.8223782780086
251.9674218447924,784.891183014068,76.44371767509661
252.75603052052116,788.6086757287678,76.08336282193814
253.54554381014515,789.5132896239771,75.99618751012576
254.32484609867208,779.3022885269306,76.99194636450315
255.09001873047643,765.1726318043567,78.4136775233502
255.8798746831741,789.8559526976685,75.96321809701683
256.689392781937,809.518098762874,74.11816992318457
257.50465242505663,815.2596431196272,73.59618559114166
258.3278536925171,823.2012674604684,72.88618515505541
259.16675942793125,838.9057354141515,71.52174251184391
260.0165040625023,849.7446345710348,70.60944848482508
260.8738569855605,857.3529230581973,69.98284882027187
261.70700091916075,833.1439336002126,72.01636785702294
262.5687286467811,861.7277276203214,69.62756109251725
263.39584174839456,827.113101613491,72.54146970100581
264.195513040303,799.6712919084658,75.03082905077939
265.00259153007426,807.0784897712225,74.34221176803736
265.7945283641943,791.9368341200768,75.76361827729123
266.5832361891358,788.7078249414914,76.07379830985064
267.35469740504675,771.4612159109643,77.77448660092422
268.1072674411202,752.5700360734296,79.72679900073206
268.89355474636574,786.2873052455577,76.30798513434219
269.67512364667687,781.5689003111163,76.76866361509013
270.4617840895941,786.6604429172442,76.27178986844257
271.28288097029593,821.0968807018196,73.0729849426732
272.1095356423067,826.6546720107563,72.58169829737476
272.9514461975893,841.9105552826217,71.266477921587
273.81234022450116,860.8940269118713,69.69498930690355
274.67767520357086,865.3349790697146,69.33731034945968
275.5316500425113,853.9748389404058,70.259681274037
276.4006509909167,869.0009484053987,69.04480381764706
277.22505399532025,824.40300440357,72.77993854887531
278.0668771849228,841.8231896025688,71.2738740641327
278.87714824791493,810.2710629920966,74.04929379859297
279.6873554105632,810.2071626482661,74.05513400286699
280.475070924788,787.7155142247808,76.16963093465051
281.27253460915716,797.46368436916,75.23853584312555
282.05153005629484,778.995447137655,77.02227300617008
282.8174682651621,765.9382088673067,78.33530081849536
283.5970250501291,779.556784966995,76.96681134337159
284.40462207186266,807.5970217335788,74.29447903510672
285.20390936027655,799.2872884139215,75.06687629057878
286.0324598658928,828.5505056162308,72.41562173132134
286.87296443023104,840.5045643382255,71.38569205420227
287.73365443477104,860.6900045399815,69.71151016453199
288.59226911881126,858.6146840401981,69.88000684739158
289.45094897656094,858.6798577496816,69.87470296233609
290.3015434144113,850.5944378503351,70.5389047119036
291.1487509071659,847.2074927545744,70.82090339512762
292.0068536316378,858.1027244718855,69.92169852033352
292.8466609945398,839.8073629019859,71.44495589163179
293.661845730738,815.1847361982097,73.60294830816261
294.4750531679267,813.20743718876,73.78191253072976
295.2545054928304,779.4523249036549,76.9771262243863
296.0298501721395,775.344679309108,77.38493808129907
296.81428621028164,784.4360381421233,76.48807178990069
297.5803633864231,766.0771761414337,78.32109070551758
298.36745307742774,787.0896910046554,76.2301942024103
299.1426516750004,775.1985975726683,77.39952082972584
299.9546427203034,811.9910453029669,73.89244049805136
300.7872653820352,832.6226617317506,72.06145443508292
301.6306138590805,843.3484770452864,71.14496751119182
302.48167852156405,851.0646624835614,70.49993102158547
303.35110699872394,869.4284771599098,69.01085204385879
304.2062538281335,855.1468294096034,70.16338941632307
305.08415720027045,877.9033721369118,68.34465147793374
305.93917189304534,855.0146927748635,70.17423268514378
306.80028654106184,861.1146480165187,69.67713316479204
307.65083969824065,850.5531571787806,70.54232824085373
308.4767865790257,825.9468807850693,72.64389683628262
309.29824697656096,821.4603975352572,73.040648313694
310.10733382904795,809.0868524869845,74.15767518106493
310.883835354183,776.5015251350585,77.26964861989688
311.65990729699064,776.071942807616,77.31242000958882
312.4419232627979,782.0159658072434,76.72477624937545
313.24989746179534,807.974198997468,74.2597970014981
314.0604080040637,810.5105422683188,74.02741466148265
314.86848494256645,808.0769385027515,74.25035555546386
315.7050641070195,836.5791644530375,71.72064826552129
316.5588770544962,853.81294747668,70.27300321144259
317.4234428407146,864.5657862184324,69.39899884592589
318.2615649730201,838.1221323054763,71.58861183507248
319.12736720469843,865.8022316783627,69.29989067328881
320.00227293865817,874.9057339597234,68.57881674685895
320.8511641059483,848.8911672901478,70.68043856732959
321.6886991378465,837.5350318982223,71.63879445617175
322.55615754562126,867.4584077747616,69.16758136440727
323.3776815150348,821.523969413517,73.03499621908024
324.16879482799266,791.1133129578492,75.842485541887
324.96846102651944,799.6661985267881,75.03130695099657
325.7574317060821,788.9706795626976,76.04845345235918
326.5737851478103,816.353441728211,73.4975770702708
327.3617286984048,787.94355059448,76.14758691118391
328.1673581068136,805.6294084087574,74.47593071175154
328.9514138798381,784.0557730245253,76.52516831621263
329.769571878432,818.1579985938502,73.33546833633682
330.59770936430465,828.1374858726875,72.45173781352534
331.44339257231604,845.683208011388,70.94855311256462
332.3102284758417,866.8359035256673,69.21725294944868
333.1597373477438,849.5088719021376,70.62904459803208
334.02837885626843,868.641508524604,69.07337424147573
334.88742264912196,859.043792853529,69.84510044673623
335.75748403205023,870.0613829282767,68.96065171639285
336.60553139790017,848.0473658499565,70.75076512956906
337.4670533020402,861.52190414003,69.64419559348514
338.3044470257629,837.3937237227103,71.65088333032223
339.111203138542,806.7561127791014,74.37191866239836
339.92554577234705,814.3426338050136,73.67906027423638
340.70582175915143,780.2759868043723,76.89586891649782
341.5332728610653,827.4511019138814,72.5118376919445
342.32796563373773,794.6927726724167,75.50087538638384
343.116754706158,788.7890724202744,76.06596249603142
343.9236424741074,806.8877679493487,74.35978383026674
344.7400149607906,816.372486683165,73.49586246319208
345.57906040217426,839.0454413836649,71.50983372373057
346.4253806763548,846.3202741805047,70.89514670802166
347.29129121680296,865.9105404481544,69.29122258859077
348.16631176753486,875.0205507318814,68.56981810291772
349.0472850775404,880.9733100055187,68.10649008154871
349.9183483365976,871.0632590572019,68.88133482399567
350.7852209483909,866.8726117932598,69.21432190120846
351.6431554039598,857.9344555689197,69.93541244384731
352.4879655125427,844.8101085829265,71.02187744964749
353.3398775782998,851.912065757143,70.42980421538527
354.17391595094875,834.0383726489343,71.93913609686561
354.996886737721,822.9707867722387,72.90659761487414
355.8118410385253,814.9543008042958,73.6237601799079
356.6173075507846,805.4665122592528,74.4909925947213
357.4046789648907,787.3714141061449,76.20291888309708
358.2039054469759,799.2264820852109,75.07258748916554
359.03993393094265,836.0284839667672,71.76788967202826
359.8616631109398,821.7291799971393,73.01675717565351
360.69333305718675,831.669946246988,72.14400408570408
361.52220598482387,828.8729276371431,72.38745288863662
362.4053566119199,883.1506270960565,67.93858053103557
363.2727261316125,867.3695196926122,69.17466966243343
364.1618632081709,889.1370765584297,67.48115850959803
365.05657695321275,894.7137450418222,67.06055465504822
365.9341880758701,877.6111226573526,68.36741063436352
366.8198002602102,885.6121843400454,67.74974538625139
367.66720796924494,847.4077090347732,70.80417060206129
368.52348168003687,856.2737107919099,70.07105233268231
369.36608731293717,842.6056329002955,71.20768916945957
370.197555368113,831.4680551758406,72.16152157199963
371.0131890438326,815.6336757196052,73.56243591470655
371.8269183634462,813.7293196136027,73.73459276174398
372.6442325142537,817.3141508074611,73.41118459863117
373.4622448325744,818.0123183207245,73.34852869107446
374.2851451402121,822.9003076376468,72.91284186324572
375.1330779514656,847.9328112535276,70.76032346395463
375.98282875090064,849.750799435021,70.60893621976298
376.83507276867437,852.2440177737437,70.40237156106267
377.69209000624284,857.017237568479,70.0102604356377
378.586281801678,894.1917954351871,67.09969863993113
379.47526739286707,888.9855911890371,67.49265746787721
380.35225509279445,876.9876999273602,68.41601085735834
381.24484552445057,892.5904316561382,67.22007974998596
382.1085100984316,863.6645739810502,69.47141495387591
382.96437980190245,855.8697034708491,70.10412888396347
383.7887137508811,824.3339489786403,72.78603540997035
384.64041455583623,851.7008049551823,70.44727403205552
385.4671081736431,826.6936178068685,72.57827895076015
386.24460078828275,777.492614639624,77.17115104406571
387.0563402609278,811.7394726450636,73.91534109397098
387.88917037534276,832.8301144149556,72.04350438522346
388.7038778759029,814.7075005601363,73.64606310700242
389.5197953524963,815.917476593454,73.53684866575803
390.340991929133,821.1965766366959,73.06411364467304
391.1920485571187,851.0566279857103,70.50059658428209
392.06426921695635,872.2206598376105,68.78993213846914
392.9302208481048,865.9516311484667,69.28793461642321
393.8270368191257,896.8159710208924,66.90335803420056
394.724570376514,897.5335573883283,66.8498681816309
395.628771613714,904.2012371999703,66.35690986864972
396.52316219355856,894.39057984457,67.08478527404324
397.38031973319744,857.1575396388569,69.99880095003257
398.24452177601813,864.20204282069,69.42820894540418
399.08432316898944,839.8013929712929,71.4454637753274
399.9386579895441,854.3348205546397,70.23007672922381
400.78354639594244,844.8884063983353,71.01529568357232
401.6022109485434,818.6645526009787,73.29009153917076
402.4336732507264,831.4623021829481,72.16202086669962
403.2412710216232,807.5977708968466,74.29441011627523
404.08615319556475,844.8821739415378,71.01581954331982
404.9078340642263,821.6808686615357,73.02105025000286
405.73557458618126,827.7405219549976,72.48648387817127
406.581515558037,845.9409718557188,70.92693461622926
407.43760656577695,856.0910077399827,70.08600657819731
408.30753556699864,869.9290012216909,68.97114582424379
409.1879579235617,880.4223565630857,68.14910997288011
410.07147959902744,883.5216754657039,67.91004869051348
410.96099741556867,889.5178165412559,67.45227457421838
411.8724508072922,911.453391723488,65.82892833010872
412.7503474145671,877.8966072749456,68.34517812552474
413.6157497556215,865.4023410544082,69.33191320801821
414.46015690073324,844.4071451117658,71.05577013095785
415.30844608912037,848.2891883871205,70.73059614738216
416.125973812538,817.5277234176667,73.3920065110093
416.939709305615,813.7354930770143,73.7340333689014
417.74531092434677,805.6016187317521,74.47849980050587
418.5502284007117,804.9174763649356,74.54180305658693
419.356593371869,806.3649711572581,74.40799407976607
420.21177501255767,855.1816406886604,70.16053332445634
421.0492035027905,837.4284902328317,71.64790868688752
421.8912269308251,842.0234280346357,71.25692469156805
422.7281680175875,836.9410867624309,71.68963377350745
423.5944752046655,866.3071870779911,69.25949697171146
424.4742140080365,879.7388033709726,68.20206153246022
425.39795329534667,923.7392873102053,64.95339196269468
426.30052311100434,902.5698156576967,66.47685193890335
427.1714070291606,870.8839181562894,68.89551953953105
428.0474088692942,876.0018401336094,68.49300680789516
428.881078290644,833.6694213497979,71.97097370184663
429.7174503669496,836.3720763056327,71.73840650566434
430.5567366739131,839.2863069635267,71.4893112185702
431.39083645244875,834.099778535644,71.93383998415244
432.2234533732277,832.6169207789208,72.06195130393152
433.05534430377946,831.8909305517543,72.12483968325608
433.854138921357,798.7946175775065,75.11317512624356
434.64991628991123,795.7773685542476,75.39797231103317
435.4844595087821,834.5432188708774,71.89561743869774
436.32044089211564,835.9813833335413,71.7719331987338
437.17531426318857,854.8733710729259,70.18583339974177
438.02265526357974,847.3410003911571,70.80974480439666
438.8880872494227,865.4319858429591,69.3295382901269
439.76705171370753,878.9644642848447,68.26214532895598
440.6742453791218,907.1936654142722,66.13802795084648
441.55706012608937,882.8147469675189,67.96442878429573
442.45180848061,894.7483545206535,67.05796070688947
443.33718364374107,885.3751631310563,67.76788247347592
444.20895011424045,871.7664704994072,68.82577161476274
445.05409920876184,845.1490945213887,70.99339085724068
445.896405316746,842.3061079841356,71.2330106967835
446.70482747246797,808.4221557220002,74.21864872866345
447.5412953606459,836.4678881779332,71.73018934498154
448.3444806471729,803.1852865269838,74.7025636630412
449.1669069599264,822.4263127535065,72.95486424688713
449.97190158564894,804.9946257225398,74.53465909309114
450.77734151226053,805.4399266115731,74.49345136441846
451.57048145901274,793.1399467522056,75.64869257397942
452.4354635240158,864.9820650030839,69.36560008303303
453.2973735734366,861.9100494207477,69.61283261556515
454.1732014761539,875.8279027173527,68.5066093622313
455.04292398121333,869.7225050594087,68.9875214806607
455.9502359680973,907.3119868839167,66.12940296982599
456.8385360813621,888.3001132648403,67.54473978335679
457.7201183845128,881.5823031506385,68.05944242025878
458.6102022885846,890.0839040718565,67.40937536957887
459.4944359959192,884.2337073346271,67.85536391827885
460.3357277814182,841.2917854989729,71.31889438860242
461.15433103928024,818.6032578620234,73.29557929772261
461.99789009295245,843.5590536722052,71.12720767894825
462.8123248534335,814.4347604810445,73.67072589652375
463.6157429776528,803.4181242192958,74.68091419807551
464.42352537787184,807.7824002190424,74.2774291489021
465.2272202307278,803.694852855996,74.65520002621025
466.05508828708696,827.8680563591319,72.4753172188731
466.89088049001305,835.7922029260656,71.78817867640196
467.738638249114,847.7577591009453,70.77493465070792
468.6242730257169,885.634776602898,67.748017111689
469.49299425584934,868.7212301324379,69.06703545261914
470.39089413993514,897.8998840857844,66.82259466052862
471.2662941756081,875.4000356729689,68.54009316309275
472.1683361671565,902.0419915484079,66.51575044417443
473.0365890496928,868.2528825362897,69.10429116541657
473.89394983293187,857.3607832390868,69.98220722590268
474.74349111009474,849.5412771628701,70.62635049397026
475.57529118821725,831.8000781225248,72.13271743785765
476.3951520921441,819.860903926862,73.18314571730386
477.21709947269983,821.9473805557175,72.99737357814084
478.0215688877149,804.4694150151051,74.583320235827
478.8194671435733,797.8982558584265,75.19755753250573
479.6099082739127,790.4411303393988,75.90698117421756
480.4250710249153,815.1627510026287,73.60493340281015
481.23206853621286,806.9975112975508,74.3496716656877
482.0747899747145,842.7214385016781,71.19790390841057
482.9047224249212,829.9324502067021,72.29504037955915
483.7487385979007,844.016172979496,71.08868517079661
484.6188140448293,870.0754469286512,68.95953702842529
485.5074001421272,888.5860972979011,67.52300107153806
486.38493752882096,877.5373866937668,68.37315527496509
487.2714013226802,886.4637938592514,67.68465944761024
488.14947640686387,878.0750841836739,68.33128633387953
488.99914721092455,849.6708040606942,70.61558395704749
489.8343188338258,835.1716229012792,71.8415213768491
490.6812579482377,846.9391144118705,70.84334514608534
491.4995153777048,818.257429467094,73.32655694806971
492.3009620079824,801.4466302775639,74.86462321167946
493.10468962839616,803.7276204137593,74.65215637246855
493.90545473962686,800.7651112307136,74.9283393575735
494.6858795612193,780.42482159242,76.88120410826097
495.49059271699434,804.7131557750434,74.5607295834653
496.3225829859941,831.9902689997328,72.11622808057058
497.16317553025544,840.5925442613857,71.37822052980611
498.0152818668066,852.106336551155,70.41374700116197
498.8669565576843,851.6746908777019,70.44943408869693
499.74445476375536,877.4982060710431,68.3762081618915
500.5999739150043,855.5191512489389,70.13285431706392
501.48887413940537,888.9002244010976,67.4991392205187
502.3596988928002,870.8247533948725,68.90020037452152
503.243008402287,883.3095094867692,67.92636030247415
504.1022758105095,859.2674082225291,69.82692398879102
504.9312798890594,829.0040785498486,72.3760009781329
505.77953518404473,848.2552949853549,70.73342230187423
506.5990423094302,819.5071253855107,73.21473864156451
507.39984302443247,800.8007150022531,74.92500802753553
508.19682001158753,796.9769871550563,75.28448244682711
508.9932877265615,796.4677149739657,75.33262035858067
509.78605950384707,792.7717772855856,75.68382442351475
510.6005398404686,814.4803366215426,73.66660347980834
511.4100451370005,809.5052965318695,74.1193420933199
512.2066005469592,796.5554099586661,75.32432678238096
513.0428534060064,836.2528590472458,71.74863362303934
513.8578751746487,815.0217686422689,73.61766557469133
514.7102412080795,852.3660334308457,70.39229350622396
515.5837190385826,873.4778305030536,68.6909248348579
516.4649980295027,881.2789909201254,68.08286662700904
517.3329869990959,867.9889695931228,69.12530239655639
518.1753754736818,842.3884745859436,71.2260457142313
519.0427749902686,867.3995165868275,69.17227742539782
519.907957160558,865.1821702893533,69.34955672969252
520.7436671541927,835.7099936346924,71.79524052242859
521.5843246594391,840.6575052463695,71.37270484775597
522.3833452133623,799.0205539232256,75.0919356271843
523.1679632217475,784.6180083852349,76.47033251694238
523.9567181164758,788.754894728309,76.06925852506733
524.7628940897081,806.1759732323047,74.42543810805265
525.5547762712196,791.8821815115374,75.76884718566663
526.3571176990903,802.3414278706614,74.78113171749632
527.1821142807034,824.9965816131231,72.72757407392098
528.0271492991396,845.0350184361491,71.00297465901244
528.8553091979495,828.1598988098201,72.44977701314477
529.7191753781535,863.8661802040393,69.45520194554717
530.5863720300589,867.1966519053926,69.18845900542722
531.4426438262468,856.2717961879282,70.07120900993876
532.3177480810177,875.104254770861,68.56325937497644
533.1836384834305,865.8904024128217,69.29283409633453
534.0391267438602,855.488260429651,70.13538674378333
534.8645375834018,825.4108395415758,72.69107349416849
535.6780273862779,813.4898028760928,73.7563025226254
536.4637250957052,785.6977094273038,76.36524744832728
537.2656616467364,801.9365510311603,74.81888675961925
538.0542460517692,788.5844050327978,76.08570448144299
538.8252871181857,771.0410664164835,77.81686684842614
539.599693305009,774.4061868234365,77.47871985129157
540.3850398600172,785.3465550081709,76.39939287614975
541.1765612094703,791.5213494530689,75.80338804690389
541.9718545204476,795.2933109772827,75.44386350523936
542.787058951173,815.204430725468,73.60117013422597
543.6281067241388,841.0477729658409,71.33958608369907
544.4715294358377,843.4227116989335,71.13870561908402
545.3225065477765,850.9771119387485,70.50718422179922
546.2005836424913,878.0770947148749,68.33112987588285
547.0335769566425,832.9933141511916,72.02938964899035
547.8687967977651,835.219841122531,71.83737388154037
548.7121429143888,843.3461166236635,71.14516663716911
549.5342439578984,822.1010435096156,72.98372927962136
550.3675263068983,833.2823489998972,72.0044053159314
551.1812393183458,813.7130114474844,73.73607052598088
551.9736276398153,792.3883214694675,75.72044965116504
552.7999702837344,826.3426439191044,72.60910524408777
553.551017048955,751.0467652206046,79.88850066130865
554.3319948878013,780.9778388463542,76.82676385367205
555.1242361771957,792.2412893944218,75.73450261076795
555.907068100094,782.8319228982517,76.64480489996379
556.7202710537329,813.2029536388416,73.78231932326098
557.5349788629368,814.7078092039117,73.64603520693971
558.3816013809773,846.6225180404891,70.86983717238022
559.2130807329924,831.4793520150508,72.16054115426059
560.0668979698822,853.8172368899103,70.27265017341914
560.9231522365609,856.2542666786189,70.0726435299855
561.7825382813704,859.3860448094734,69.81728451653186
562.6318843750314,849.3460936609932,70.64258074276646
563.4859320452391,854.0476702077531,70.25368968620286
564.3249592897121,839.0272444729821,71.5113846364879
565.1409613097429,816.0020200308778,73.52922974103615
565.9427680304705,801.8067207275009,74.83100159794168
566.712264244668,769.496214197511,77.97309316534137
567.4906609735926,778.3967289246533,77.08151610925877
568.2423881814958,751.727207903177,79.8161877995083
569.0191092727084,776.7210912126515,77.24780578099835
569.7872578827248,768.1486100164217,78.1098855320682
570.5863049160091,799.0470332843098,75.08944717982745
571.3724823381766,786.1774221674879,76.31865061016411
572.1859412985813,813.4589604046344,73.75909900870049
573.0114498882311,825.5085896499066,72.68246600007596
573.8455386042154,834.0887159842919,71.9347940454933
574.7038371277657,858.298523550245,69.90574765504368
575.5737242908697,869.8871631039324,68.97446306243666
576.4315976806157,857.8733897460571,69.94039064174827
577.3038507515889,872.2530709732296,68.78737604564016
578.1473302690412,843.4795174522734,71.1339146458823
578.9828437409219,835.5134718807758,71.81212753510424
579.8144447863176,831.6010453957563,72.14998145107693
580.6150924895549,800.6477032372383,74.93932694417725
581.4087168797521,793.6243901972897,75.60251517104257
582.1987466877803,790.0298080282074,75.94650149941906
582.9767165978711,777.9699100908942,77.12380546053495
583.7562621151454,779.545517274275,76.9679238356644
584.5159929805513,759.7308654059459,78.97533551955966
585.3259826521448,809.9896715934417,74.07501861346674
586.1305107161828,804.5280640379797,74.5778832112531
586.9601758991002,829.6651829174382,72.31832941213194
587.7964038558001,836.2279566998841,71.75077025263046
588.6326182128158,836.2143570156578,71.75193716373435
589.4715418385114,838.9236256954896,71.5202172906484
590.3247802463576,853.2384078462604,70.32032248929308
591.1983014218107,873.521175453151,68.68751632594847
592.0469540384701,848.6526166593478,70.70030637056789
592.8946714957544,847.7174572843206,70.77829940203327
593.7255854860128,830.9139902583586,72.20963987060082
594.5342953825918,808.7098965789977,74.19224156129637
595.3466588631785,812.363480586724,73.85856384960266
596.1542010152682,807.542152089701,74.29952708318223
596.93810915277,783.9081375018359,76.53958050647164
597.7251921184265,787.0829656564583,76.23084556271348
598.4964930288165,771.300910390022,77.79065108280494
599.2900662301374,793.5732013209188,75.6073918576494
600.0798158438462,789.7496137086978,75.97344646771963
600.8773501925862,797.534348740025,75.23186944210023
601.6879822445737,810.6320519875708,74.01631831962149
602.5236737919174,835.6915473437327,71.79682526490971
603.3736397584017,849.9659664842856,70.59106172000982
604.2210840441743,847.4442857725776,70.8011146069628
605.0616257039898,840.5416598154458,71.38254160201167
605.9248498773051,863.2241733152744,69.5068579573782
606.7873388584215,862.4889811164536,69.56610613428668
607.6367144304811,849.3755720595387,70.64012902385916
608.477858903403,841.1444729218758,71.33138471632412
609.2944585189616,816.59961555858,73.47542033675597
610.0958858588875,801.4273399258515,74.86642520275292
610.901570455684,805.6845967964333,74.47082920360184
611.6737347839844,772.164328300353,77.7036672129996
612.4293254308918,755.5906469073794,79.40807664252999
613.1843036013282,754.9781704363771,79.47249648995815
613.96357996747,779.2763661417753,76.9945074775745
614.7605922343448,797.0122668748265,75.2811499818775
615.5515919199879,790.999685643149,75.85338033505661
616.3653606923937,813.7687724057153,73.73101799252404
617.1797524738548,814.3917814611424,73.67461382327667
618.0147576530932,835.0051792383422,71.85584172631069
618.8684528324031,853.6951793099187,70.28269744770115
619.7358114533687,867.3586209655356,69.17553887134777
620.5942462457288,858.4347923600286,69.89465074574461
621.4568221283707,862.5758826419917,69.559097590609
622.2865130026707,829.6908743000314,72.3160900746546
623.1361152734913,849.6022708205345,70.62128016919353
623.9572965862919,821.1813128006056,73.06547173531315
624.7543631181795,797.0665318876262,75.27602477287185
625.5323419390019,777.9788208223373,77.12292210805809
626.341755799693,809.4138606911713,74.12771502178755
627.1149296595578,773.1738598648077,77.60220968992824
627.893629311887,778.6996523292495,77.05153048486379
628.6779324630837,784.303151196691,76.50103140405837
629.4587140407065,780.7815776227405,76.84607541930365
630.2521512726635,793.4372319570294,75.62034850823518
631.0653151788813,813.1639062178197,73.78586228583538
631.9061792908684,840.8641119871613,71.35516802852457
632.7543683850931,848.1890942247732,70.73894301227573
633.610647988876,856.2796037829376,70.07057009757959
634.4963948317571,885.7468428811152,67.73944551112918
635.3640089127697,867.6140810125432,69.15517084505751
636.229551456257,865.5425434872751,69.32068267639359
637.0582202899184,828.6688336613138,72.4052812930125
637.9020997147104,843.8794247920006,71.10020488387758
638.7336510807447,831.5513660342931,72.15429190639512
639.5448713086246,811.2202278798296,73.96265272725438
640.3272742851713,782.4029765466676,76.68682481861853
641.125481561083,798.207275911746,75.16844535332689
641.9217699195916,796.2883585085733,75.34958832297686
642.7088463001149,787.0763805233724,76.23148335375348
643.4906831347362,781.836834621244,76.7423551092558
644.2894822314511,798.7990967148565,75.11275394120521
645.1017672348762,812.2850034251534,73.86569953525998
645.9444007137818,842.6334789055162,71.2053360114923
646.7720712940969,827.6705803152024,72.4926092904621
647.6441260947355,872.0548006385584,68.80301553992393
648.500743261078,856.6171663425059,70.04295776161212
649.3507950328551,850.0517717771182,70.58393616963353
650.2328589277432,882.0638948880901,68.02228313359586
651.0949166927448,862.0577650015829,69.60090429658136
651.9630290438644,868.1123511195424,69.11547787866662
652.7862663677656,823.2373239012343,72.88299286002531
653.5882709105583,802.0045427926491,74.81254381811208
654.419877231406,831.6063208476717,72.1495237540293
655.2366000137741,816.7227823682142,73.46433979228632
656.0375351814519,800.9351676777128,74.91243039554398
656.7980412558256,760.506074373723,78.89483335081843
657.5868805454987,788.8392896730616,76.06112016158235
658.3891127098414,802.2321643426051,74.79131686170602
659.1837247642229,794.6120543815846,75.50854491717426
660.0205732728516,836.848508628698,71.69756459065573
660.8342069318896,813.6336590380029,73.74326188882206
661.6983543803742,864.1474484845651,69.43259521881431
662.541044702347,842.6903219727392,71.20053290696387
663.406258934337,865.2142319899366,69.34698688670885
664.2990205500084,892.7616156715118,67.20719052741708
665.1659120910505,866.8915410420312,69.21281055283812
666.0446476984752,878.7356074246369,68.27992344118795
666.9031597197121,858.5120212369964,69.88836325617008
667.7578493324521,854.6896127399881,70.20092335935885
668.5944554655172,836.6061330650958,71.71833629784236
669.4046060562856,810.1505907683885,74.06030518732686
670.2210638416916,816.4577854060021,73.48818404636026
671.0109332360045,789.8693943128301,75.96192539172726
671.7861902659721,775.2570299676735,77.39368710078239
672.5796408820034,793.4506160313598,75.61907292996368
673.3673106192695,787.6697372660462,76.174057680896
674.1698276483337,802.5170290642408,74.76476863046983
674.9965972161616,826.7695678278595,72.57161164946568
675.8296720439117,833.0748277500979,72.0223418129716
676.6782323714032,848.5603274914814,70.70799571478003
677.5275244552819,849.2920838786889,70.64707317885501
678.4040879509494,876.5634956675012,68.4491201111565
679.2797869628984,875.6990119489753,68.51669258648889
680.1461508314948,866.3638685964168,69.25496569611693
681.0203348495227,874.1840180278866,68.63543460261016
681.8798098825206,859.4750329979449,69.81005578569665
682.719928904009,840.1190214884041,71.41845198755348
683.5659104136236,845.9815096146381,70.92353593795593
684.3808678597005,814.957446076954,73.62347603402887
685.1975403462403,816.6724865398206,73.46886418840366
685.9880275247413,790.487178500908,75.90255937330308
686.801988906929,813.9613821876978,73.71357083150184
687.5745444068092,772.5554998801863,77.6643231577605
688.3705839960165,796.039589207363,75.37313572525147
689.161560736987,790.9767409704219,75.8555806917762
689.9780387578542,816.4780208671742,73.48636272691643
690.7994885234161,821.4497655619759,73.04159367426733
691.6525742329003,853.0857094841498,70.33290949895438
692.5083887166215,855.8144837212599,70.10865221526456
693.400061345612,891.6726289904284,67.28926968178146
694.2682772751734,868.2159295614621,69.10723237974469
695.1534248731926,885.1475980191938,67.7853051110002
696.0539821656881,900.5572924954346,66.6254112869828
696.94202076677,888.0386010819279,67.56463055423485
697.7668834870163,824.8627202462737,72.73937653781492
698.6301277257735,863.2442387571031,69.50524232445252
699.441676889029,811.5491632555753,73.93267434261975
700.2737361490475,832.0592600184727,72.11024849199795
701.078274066614,804.5379175663926,74.5769698232385
701.8881418041567,809.8677375427355,74.08617138157561
702.6787999010852,790.6580969285452,75.88615133782969
703.4925683138023,813.7684127171085,73.73105058190295
704.306979125689,814.4108118867495,73.67289226059967
705.1269876021216,820.0084764325779,73.16997534102109
705.9531252754302,826.137673308635,72.62712007758145
706.8028111407514,849.6858653211564,70.614332247744
707.6891076926022,886.2965518508113,67.69743137858862
708.5668588437206,877.7511511184588,68.35650391747828
709.4601754587287,893.3166150081054,67.16543607493027
710.3498495480243,889.6740892955795,67.44042646842331
711.2225989997216,872.7494516974099,68.7482528729248
712.0979760345249,875.3770348032538,68.5418940805151
712.9461348162476,848.1587817227887,70.74147116431124
713.7981979216333,852.063105385658,70.41731958672591
714.6521168010197,853.9188793863691,70.26428557606823
715.4772972388203,825.180437800549,72.71136984284927
716.2670433118705,789.7460730501687,75.9737870785063
717.0732038822335,806.1605703630369,74.42686011420815
717.8910456698359,817.8417876023838,73.36382281944567
718.6938631132515,802.8174434156454,74.73679164808082
719.5314753691104,837.612255858861,71.632189691969
720.3720363518369,840.5609827265332,71.3809006520593
721.2312888779722,859.2525261353978,69.82813337757406
722.1061476923883,874.858814416036,68.58249469664395
722.964982874101,858.8351817126893,69.86206582775054
723.8404541463053,875.471272204342,68.53451610002746
724.740032661609,899.578515303736,66.69790238347505
725.6380652933424,898.0326317333557,66.8127169100635
726.5270751557667,889.0098624243124,67.49081482221264
727.4095401739384,882.4650181716717,67.99136369655824
728.2763338681627,866.7936942243812,69.22062354605477
729.1263566684253,850.0228002625538,70.5863418974965
729.9660994689197,839.7428004943524,71.45044883347413
730.785693855257,819.59438633732,73.20694358112141
731.6043844307965,818.6905755394725,73.2877619367528
732.4252925545246,820.9081237281971,73.08978710980087
733.2288814890243,803.5889344996507,74.66504007718648
734.0403531979042,811.4717088799399,73.93973116181333
734.8535422519428,813.1890540386332,73.78358046264295
735.711501705514,857.9594535712147,69.93337476526764
736.5926648591729,881.1631536589466,68.09181676611837
737.4358194806911,843.1546215181436,71.1613249441329
738.3076118482103,871.7923675192058,68.8237271114652
739.1941094749318,886.4976267215135,67.6820762869888
740.0736789762907,879.5695013588781,68.21518925713531
740.9675253342876,893.8463579969991,67.1256301076761
741.8455221227215,877.9967884338038,68.33737980639968
742.7310077489788,885.4856262572864,67.75942852240767
743.6077075687393,876.6998197605703,68.4384764860408
744.476493833121,868.7862643817261,69.06186534003176
745.3170357790303,840.541945909351,71.38251730565122
746.1431592731966,826.1234941662253,72.62836661067931
746.9451470862438,801.9878130471672,74.81410443386778
747.7608205657731,815.6734795293324,73.55884616307712
748.5716391762144,810.8186104412429,73.99928816057681
749.382043270325,810.4040941106257,74.03713830671936
750.2161667535968,834.1234832718577,71.93179571524519
751.0692444935871,853.0777399903841,70.33356655241798
751.9226480275023,853.4035339151355,70.3067161261211
752.7835900558244,860.9420283221781,69.69110349616601
753.6518773972274,868.2873414029441,69.1015486913058
754.5504124759932,898.5350787657712,66.77535626368207
755.4336105112194,883.1980352261513,67.93493373729757
756.3528186564766,919.2081452572766,65.27357303084672
757.2308088519773,877.9901955006276,68.3378929599415
758.1184157066388,887.6068546614914,67.59749509019095
758.9851825835175,866.7668768787203,69.22276519848522
759.8365277741913,851.3451906737362,70.47670047036655
760.6707615785513,834.23380436005,71.92228328127588
761.4978404487287,827.0788701773951,72.54447207329933
762.3260635414686,828.2230927399306,72.444249050709
763.1344411320393,808.3775905707889,74.22274033800774
763.9434730077147,809.0318756753632,74.16271447884947
764.7633711319387,819.8981242239507,73.17982347720475
765.5769051484533,813.5340165145966,73.75229404304014
766.4294047990849,852.4996506315239,70.38126051494866
767.2856469354476,856.242136362782,70.07363624368347
768.1435394452717,857.8925098240792,69.93883186170223
769.0328516971018,889.3122518301502,67.4678661814494
769.9041242280904,871.2725309885458,68.86479013853909
770.7835079504468,879.3837223564816,68.2296004288301
771.669279215143,885.7712646961152,67.73757785039959
772.5740445261885,904.7653110454252,66.31553980630852
773.4473422456091,873.2977194206334,68.70509182115515
774.3211187834205,873.7765378114477,68.6674423077121
775.1670193867761,845.9006033556083,70.93031942758479
776.0037829738338,836.7635870577305,71.7048410423486
776.8444787632353,840.6957894014265,71.36945463081226
777.6720891891304,827.6104258950534,72.49787837690727
778.4963023094232,824.2131202927873,72.79670575819765
779.3273736596755,831.0713502523024,72.19596726777404
780.1491811141727,821.8074544972942,73.0098025658607
780.9805604872031,831.3793730303174,72.16921894670583
781.8312492102716,850.6887230685509,70.531086604242
782.6846880448155,853.4388345439037,70.30380804274662
783.5566112939954,871.9232491798599,68.81339619792983
784.4275520661371,870.9407721416679,68.8910221213531
785.2960965705696,868.5445044324815,69.0810887568793
786.1885626756907,892.4661051210828,67.22944395951001
787.0818148941049,893.2522184142514,67.17027818471604
787.9595867307443,877.7718366393061,68.35489303202057
788.8323657795341,872.7790487898857,68.74592152869667
789.6963304569632,863.9646774290574,69.44728363032732
790.543471482726,847.1410257627756,70.82646002886628
791.3732972204548,829.8257377287574,72.30433725063854
792.1830573902134,809.7601697586845,74.09601291933205
793.0065406695994,823.4832793860018,72.8612243890813
793.8164879854248,809.9473158253644,74.07889232753111
794.6558540355625,839.3660501376879,71.48251944447566
795.4524856168041,796.6315812415792,75.3171245188244
796.2875244350615,835.0388182573844,71.8529470584518
797.1268435388929,839.3191038313664,71.48651773337335
797.9579978793935,831.1543405006296,72.18875854496551
798.820297614488,862.2997350945275,69.5813735735668
799.6725741027558,852.2764882677264,70.39968933315468
800.5473092503255,874.7351475696762,68.592190638162
801.4101041052644,862.7948549389274,69.54144389774679
802.3068562139388,896.7521086743392,66.90812256767087
803.1928418027669,885.9855888281787,67.72119180782289
804.0723348257367,879.493022969782,68.22112106972507
804.94495433433,872.6195085932609,68.75849028028867
805.801202651958,856.2483176279914,70.07313038139925
806.6474524415729,846.2497896149009,70.90105160002926
807.4695113252773,822.0588837044068,72.9874722959318
808.2836304673137,814.1191420364503,73.6992866301056
809.0859180692498,802.2876019360327,74.78614882644524
809.900384877165,814.4668079151977,73.66782711941676
810.7249792490275,824.5943718624102,72.76304816935065
811.5261523084419,801.1730594143546,74.89018670180833
812.3364868156178,810.3345071759925,74.04349619652677
813.1858893285848,849.4025129670382,70.63788849695615
814.0494359664627,863.5466378779588,69.48090278880748
814.9279944201065,878.5584536438224,68.29369150242641
815.7905678961985,862.5734760918822,69.55929165808101
816.6912191627077,900.6512665092969,66.61845958707777
817.5620350230689,870.8158603612048,68.9009040041056
818.4224353223233,860.4002992543855,69.73498271908484
819.2988517281636,876.416405840317,68.46060799429169
820.1689619239047,870.1101957410801,68.95678305309076
820.9990773738145,830.1154499098756,72.27910287239457
821.8098583457308,810.7809719163165,74.00272339666206
822.6151051474906,805.2468017597412,74.51131736118587
823.4135363434588,798.4311959681557,75.14736436023851
824.2115369641392,798.0006206804758,75.18791144402425
824.9912981150054,779.7611508661679,76.94663927967082
825.7878525232999,796.5544082945213,75.32442150243597
826.5780198570158,790.167333715884,75.93328329309784
827.428824902132,850.8050451162537,70.52144359557907
828.2532264877148,824.4015855828176,72.78006380541166
829.1024986747896,849.2721870748547,70.64872830306358
829.98314915021,880.650475420433,68.13145700211572
830.8329530446812,849.803894471211,70.60452463251524
831.6991626749651,866.2096302839791,69.26729731731282
832.5963717374866,897.209062521474,66.87404586772544
833.4609716423207,864.5999048341243,69.39626024075396
834.3191123091747,858.1406668539579,69.91860695748971
835.1609674388055,841.8551296308411,71.27116992957016
835.9840243174494,823.056878643937,72.89897157393982
836.8014796832841,817.4553658346989,73.39850285126498
837.6188823930037,817.4027097195852,73.403231095947
838.4271790839422,808.296690938459,74.23016903649331
839.2088889783093,781.7098943672091,76.75481714168367
839.9969737710678,788.0847927585223,76.13393958533679
840.8073637553778,810.3899843100045,74.03842737652562
841.6254029113559,818.0391559780818,73.34612232376762
842.4676395925565,842.2366812005529,71.23888253652638
843.309254091571,841.6144990146086,71.29154746056547
844.1633774328649,854.1233412938865,70.24746555820352
845.0325341427329,869.1567098680034,69.03243030720208
845.8944712150123,861.9370722795268,69.61065016187395
846.7691380625163,874.6668475039238,68.59754679307294
847.625136771201,855.998708684739,70.09356368328093
848.4949568442788,869.8200730777971,68.97978312651975
849.3572735694714,862.316725192625,69.5800026221191
850.1878912574585,830.6176879871507,72.23539886972425
851.0149988682572,827.1076107985972,72.54195127290414
851.830556174327,815.557306069798,73.56932437910747
852.6258612321806,795.3050578535782,75.44274917844979
853.4145504506035,788.6892184229469,76.07559301999241
854.1937163514518,779.165900848252,77.00542327979188
854.9724007936535,778.6844422016565,77.05303554075857
855.7437796612921,771.3788676386919,77.78278938813703
856.5435200893779,799.7404280857622,75.02434276533253
857.3402472001547,796.7271107768473,75.30809381081197
858.1608153990649,820.5681989101327,73.12006494973991
859.0144686027951,853.6532037302632,70.28615336744963
859.8372063902277,822.737787432683,72.92724476315516
860.6834418237336,846.2354335058487,70.90225441332257
861.5472437302913,863.8019065576857,69.46036995808961
862.4053364403846,858.0927100934138,69.92251454212713
863.2892667718343,883.9303314496242,67.87865272323155
864.1416123203156,852.3455484813379,70.39398528789724
864.9861553927881,844.543072472425,71.04433386014074
865.8009922255414,814.8368327533714,73.63437388717104
866.6163353679001,815.3431423586796,73.58864861048313
867.4284042710675,812.0689031673804,73.88535599131671
868.2507190454863,822.3147744188013,72.96475980552219
869.019585127691,768.8660822046962,78.03699680437474
869.7903471609005,770.7620332095369,77.84503830599112
870.5865389683963,796.191807495775,75.35872566776993
871.38003785456,793.4988861636683,75.61447286975057
872.1897017293189,809.6638747589046,74.10482531144956
873.010770712516,821.0689831970012,73.07546774739637
873.8398194698478,829.0487573318367,72.37210051806915
874.6804608092025,840.6413393546576,71.37407737532955
875.5434112886826,862.9504794801152,69.52890278958651
876.4014364994495,858.0252107668442,69.92801522274165
877.2660783858605,864.6418864110937,69.39289079441268
878.1272316178799,861.1532320194691,69.6740112782199
878.9648851907875,837.6535729076013,71.62865645249076
879.7941021040118,829.2169132242763,72.35742426755344
880.6143367714767,820.2346674648605,73.14979771026374
881.4152228098467,800.8860383700035,74.91702580071752
882.2046007941336,789.3779842869268,76.0092138295447
882.9937751043411,789.1743102075172,76.02883067015031
883.806227139455,812.4520351139103,73.85051351565347
884.5824703986701,776.243259215091,77.29535720628327
885.3623886846971,779.9182860269167,76.9311363446212
886.1496949290894,787.306244392329,76.20922662224042
886.9495878640487,799.8929349592569,75.01003869106076
887.7766088822688,827.0210182200597,72.54954672026821
888.6213603834876,844.7515012188355,71.02680482180855
889.4870359714939,865.6755880062642,69.31002887373305
890.3256097670961,838.5737956022333,71.55005357269741
891.1686817351821,843.0719680859046,71.16830148702834
892.0321953534957,863.5136183136341,69.483559642261
892.8863534336464,854.1580801506443,70.24460857341307
893.7115894629532,825.2360293067624,72.70647168714005
894.5431187887641,831.5293258109127,72.15620440263801
895.3539230691736,810.8042804094674,74.00059601276298
896.148264060758,794.3409915844694,75.53431163147982
896.9098638570301,761.5997962720608,78.78153367909599
897.6684801465989,758.6162895687077,79.09136782985705
898.4458477922507,777.3676456517804,77.18355701528235
899.2202844598389,774.4366675882499,77.4756703951686
899.9930593896804,772.7749298415371,77.64227032093733
900.79207998165,799.0205919695467,75.09193205159198
901.5927359254786,800.6559438286083,74.93855564612387
902.4044059114409,811.6699859622905,73.92166895128675
903.2348393614133,830.4334499723985,72.2514248456565
904.0661809139099,831.3415524965789,72.17250216811088
904.8999455583667,833.7646444567658,71.96275399647418
905.7314200894268,831.4745310602094,72.16095954676359
906.5827020515717,851.2819621448504,70.48193509096187
907.4261664581649,843.4644065931501,71.13518902634779
908.2593178176655,833.1513595006753,72.01572597320039
909.0894004837699,830.0826661043064,72.28195750862785
909.8880319673875,798.6314836176247,75.12851826002805
910.6975981807867,809.5662133991838,74.11376488659735
911.4990292716894,801.4310909027696,74.86607480178138
912.2753339037339,776.3046320444723,77.28924641604195
913.0301921515398,754.8582478059294,79.48512210656234
913.8297687897738,799.5766382338791,75.0397111808184
914.5959648058009,766.1960160271528,78.30894280958215
915.3879620621793,791.9972563784482,75.757838195502
916.1924620699542,804.5000077748887,74.58048405238662
917.0187688797586,826.3068098043825,72.61225405392003
917.8543219810019,835.55310124339,71.80872156504925
918.6949384932024,840.6165122004737,71.37618537011434
919.5317510529603,836.8125597579482,71.70064466689563
920.3850069291486,853.2558761882916,70.31888285145492
921.2315810437674,846.5741146187227,70.87388920109211
922.0839691611014,852.3881173340978,70.39046976353225
922.92470386458,840.7347034785461,71.36615123861256
923.741508327752,816.8044631718916,73.4569933261657
924.5502965604941,808.7882327421221,74.18505558194822
925.3504356640175,800.1391035234043,74.98696131184018
926.1114457220025,761.0100579849806,78.84258476014016
926.87076003004,759.3143080374074,79.01866113267566
927.6570737168191,786.3136867792131,76.30542493259085
928.4381697610407,781.096044221572,76.81513745188026
929.1988289386352,760.6591775945029,78.87895363300959
930.0062594087234,807.4304700882312,74.30980402986718
930.8161751697522,809.9157610287908,74.08177848494434
931.6322642967558,816.0891270036324,73.52138144555006
932.4724796918781,840.2153951223207,71.41026021222218
933.3114749854831,838.9952936049309,71.51410795428492
934.1564744731305,844.9994876474195,71.00596021312064
934.9992252541853,842.7507810547386,71.19542496882345
935.8738600449999,874.6347908146822,68.60006099701654
936.730080134083,856.220089083101,70.07544060809424
937.5612452108726,831.165076789554,72.18782607151292
938.4009009637127,839.6557528401047,71.457856147656
939.2013249139643,800.4239502515741,74.96027571531553
940.0128447761484,811.5198621841781,73.93534378630245
940.8164977818961,803.6530057476856,74.65908740573735
941.6050096369531,788.5118550570063,76.0927050306203
942.3800502542272,775.0406172739939,77.41529755051364
943.1643624260454,784.312171818232,76.5001515415794
943.954497044313,790.1346182676692,75.93642730342205
944.7443960394517,789.8989951386819,75.95907878002282
945.5229905245545,778.5944851029162,77.06193807944719
946.3474819250916,824.4914005371003,72.77213559888443
947.1645492279548,817.0673028631268,73.43336318777042
947.9908184979901,826.269270035213,72.61555303568652
948.8263450104465,835.5265124564357,71.81100671910563
949.6809435352682,854.5985248216668,70.20840576868594
950.5326405646869,851.697029418695,70.44758632180687
951.3866212043578,853.9806396709047,70.25920402963933
952.2350956819749,848.4744776171949,70.71515005200914
953.0712689854844,836.1733035093876,71.75545996049178
953.8932402934541,821.9713079698058,72.99524863975427
954.7039040927114,810.6637992571972,74.0134196876404
955.4865368952075,782.6328024960916,76.6643051615507
956.2633057028413,776.7688076338961,77.24306049668125
957.0423176032552,779.0119004138786,77.02064624189028
957.821951411884,779.6338086287404,76.9592074329499
958.6127744391143,790.823027230365,75.87032488182989
959.4030264464146,790.2520073002426,75.92514722611017
960.2138235318184,810.7970854038202,74.00125269335027
961.0293879091485,815.564377330063,73.56868650445935
961.8526760719565,823.2881628079906,72.87849225884395
962.7150208658493,862.3447938928537,69.57773784328661
963.5452342770662,830.2134112169113,72.27057427565899
964.4094050761744,864.1707991081614,69.43071909155111
965.2728411557068,863.4360795324836,69.48979944466488
966.122085115436,849.2439597292046,70.65107654004626
966.9614359411787,839.3508257427695,71.48381601567378
967.8071260961758,845.6901549970709,70.94797030031386
968.6284379695132,821.3118733374159,73.05385682078222
969.443981633682,815.5436641687302,73.57055500045725
970.2496369394316,805.6553057495665,74.47353672446448
971.0259029678092,776.2660283775609,77.29309000601678
971.8176940753667,791.7911075575088,75.77756232333302
972.5887779670768,771.0838917100464,77.81254497086813
973.3933566839661,804.5787168893349,74.57318810516416
974.1984198882127,805.0632042466328,74.52830993082982
975.0153154348126,816.8955465999167,73.44880290966458
975.8261504586619,810.8350238493229,73.99779022267515
976.6626365553808,836.4860967188731,71.7286279298015
977.5227735181984,860.1369628175761,69.7563325304103
978.3924900665984,869.7165483999706,68.98799397387899
979.2542971906993,861.8071241009153,69.621146451528
980.1152895447731,860.9923540738008,69.68702999057881
980.9629117643069,847.6222195338364,70.78625196139616
981.8283842428245,865.4724785176879,69.32629458392854
982.6663244435584,837.9402007338913,71.6041549831961
983.4965438372731,830.2193937146839,72.27005349940043
984.3201164982079,823.5726609348319,72.85331683047175
985.1064691512465,786.3526530386217,76.30164375760438
985.9163585865294,809.8894352829236,74.08418653966
986.7059324791591,789.5738926296609,75.99035449382848
987.4760051622001,770.0726830409612,77.91472327399583
988.2709010712418,794.8959090417944,75.48158106930865
989.0742677881,803.3667168581197,74.68569302279973
989.8773539689519,803.086180851844,74.71178240965025
990.6957757772398,818.4218082878933,73.3118294165666
991.5534236945717,857.6479173319486,69.95877770758614
992.425912322454,872.4886278822712,68.76880463832941
993.2912522655924,865.339943138395,69.33691259228527
994.1603436971496,869.0914315571471,69.03761540083104
995.0433777364032,883.0340392535464,67.94755052785925
995.9101449860839,866.7672496807036,69.2227354253435
996.7584367255309,848.2917394470866,70.73038343990922
997.6068422191594,848.4054936283945,70.7208999123717
998.4155706462353,808.7284270759375,74.19054158506309
999.2301285282456,814.5578820102841,73.65959046633162
1000.0543207625212,824.192234275596,72.7985505138077
1000.8533083892455,798.9876267242332,75.0950302522128
1001.6406556465649,787.3472573194763,76.20525688280162
1002.4234858407457,782.8301941807183,76.64497415406137
1003.2313847422914,807.8989015457648,74.2667181316884
1004.0454409309291,814.0561886376274,73.7049860162769
1004.8620533740401,816.6124431109698,73.47426616648625
1005.6883724890023,826.3191149622091,72.61117274619023
1006.5468802687401,858.5077797377832,69.88870854300936
1007.4003403403351,853.4600715950376,70.30205863979738
1008.2823110479509,881.9707076157458,68.02947023286016
1009.1467648607243,864.4538127733557,69.40798815787157
1010.0250601313728,878.2952706485598,68.31415584840185
1010.8953262989085,870.2661675356742,68.9444244051237
1011.7537545246687,858.4282257601794,69.89518540920194
1012.5832066549611,829.4521302924456,72.33690505906036
1013.4314668266512,848.2601716900873,70.73301565067594
1014.2494917934692,818.0249668180368,73.34739455861441
1015.0576687880989,808.1769946297042,74.24116301094563
1015.8613407634107,803.6719753118016,74.65732518136112
1016.6487578319991,787.4170685884084,76.19850063392856
1017.4561868146793,807.428982680202,74.30994091992382
1018.2667375460496,810.5507313702853,74.02374419990511
1019.0970054059513,830.267859901714,72.26583479589674
1019.9382270689184,841.221662967073,71.32483938701007
1020.7607655641749,822.538495256532,72.94491424536587
1021.617499769798,856.734205623037,70.03338912605527
1022.4863483659535,868.8485961555215,69.05691079606713
1023.345837103664,859.4887377105042,69.8089426509849
1024.2360691456067,890.2320419427627,67.39815820273259
1025.1182398182832,882.1706726764645,68.01404972799969
1025.992688378587,874.4485603037319,68.61467068933081
1026.8608497702505,868.1613916636469,69.11157369601837
1027.7202588765242,859.4091062736962,69.81541103299851
1028.5888493091031,868.5904325788191,69.07743598080144
1029.402872343983,814.0230348799038,73.7079878935515
1030.2218259719368,818.9536279537203,73.26422150411506
1031.0267342271704,804.9082552336412,74.54265701695874
1031.8418448727116,815.1106455412453,73.60963855423472
1032.6679280131239,826.0831404123053,72.63191447056222
1033.4798629434908,811.9349303669767,73.8975473969094
1034.3077493569633,827.8864134725109,72.47371018970375
1035.1367929923226,829.0436353593986,72.37254764520254
1036.004237897152,867.4449048294965,69.16865805073061
1036.8872397562757,883.0018591236075,67.95002680917445
1037.7469792473446,859.7394910690255,69.78858203360443
1038.6196612859671,872.6820386225845,68.75356354841705
1039.498913502811,879.2522168440222,68.23980520101878
1040.3803101121625,881.3966093514133,68.07378127328144
1041.2557265438713,875.416431708726,68.53880944739174
1042.1420436252179,886.3170813465083,67.69586332336839
1043.0071639694115,865.1203441936045,69.35451281743602
1043.8607150727223,853.5511033108003,70.294560884836
1044.7106294075224,849.9143348002294,70.59535007619665
1045.5321135436159,821.4841360933191,73.03853764643377
1046.3368255585387,804.7120149228095,74.56083528932444
1047.1399086548695,803.0830963307768,74.71206936633988
1047.9625414216523,822.6327667828915,72.93655495227209
1048.7907271918596,828.1857702071774,72.44751378062257
1049.6285330988237,837.80590696414,71.6156325722446
1050.4749432291117,846.4101302879185,70.88762037806677
1051.3197086590055,844.7654298937979,71.02563371650172
1052.2011854511145,881.4767921090727,68.06758900190725
1053.0779133650203,876.7279139057217,68.43628342196489
1053.9506776893804,872.7643243601887,68.74708134293317
1054.8276700183717,876.9923289912972,68.41564973437231
1055.713792843253,886.1228248813865,67.71070365784946
1056.607532141068,893.7392978150328,67.13367102317741
1057.4982354385802,890.7032975120237,67.3624990135282
1058.3609999550395,862.7645164592233,69.54388927147744
1059.2169933926416,855.9934376021517,70.09399530921027
1060.0633151060179,846.3217133762807,70.89502614867163
1060.8949085801303,831.5934741124325,72.15063834410023
1061.7121483822352,817.2398021049019,73.41786320913715
1062.5305515368034,818.403154568227,73.31350040024563
1063.3225432924348,791.99175563151,75.75836436852532
1064.1358047234103,813.261430975399,73.77701402615143
1064.9646855603273,828.8808369170054,72.38676215892262
1065.78392343578,819.2378754527621,73.23880132719724
1066.6510513012092,867.1278654292452,69.19394750426898
1067.520407694286,869.3563930767024,69.01657418962152
1068.4034973499477,883.0896556616002,67.94327123563544
1069.2866338730937,883.1365231459415,67.93966553015585
1070.1724511814225,885.8173083288724,67.73405693911339
1071.0734293659482,900.9781845256596,66.59428722082585
1071.9607423638784,887.3129979302312,67.61988175531917
1072.843090661526,882.3482976477662,68.00035786316214
1073.7047271064118,861.6364448857815,69.6349375146888
1074.5530731955378,848.3460891258876,70.72585206566148
1075.3802139716036,827.1407760658221,72.53904261059586
1076.2104609322193,830.2469606158335,72.26765389841977
1077.0351222261568,824.6612939374381,72.75714337643186
1077.8437728224167,808.6505962599334,74.19768225919114
1078.6500192168048,806.2463943880664,74.41893745836774
1079.4662096779325,816.1904611276913,73.51225339867472
1080.3133141742555,847.1044963229709,70.82951425761779
1081.1656080259802,852.2938517245499,70.39825510719653
1082.0224589307136,856.8509047335045,70.02385090398083
1082.8831340012239,860.6750705102957,69.7127197659227
1083.7692762254003,886.1422241763611,67.709221345104
1084.6605808273919,891.304601991562,67.31705397451546
1085.566907482522,906.3266551301127,66.20129691693374
1086.472887232961,905.979750438986,66.22664576214582
1087.3650233434996,892.1361105385571,67.25431163612436
1088.2615631088154,896.5397653157569,66.92396960091145
1089.145295916173,883.73280735759,67.8938243555802
1090.0214293288523,876.1334126793179,68.48272093232129
1090.8494143187381,827.9849898857699,72.46508177434194
1091.6686626162784,819.2482975402436,73.23786961797458
1092.471100188355,802.4375720764868,74.77217180239525
1093.2662598772602,795.1596889052565,75.45654141824714
1094.072600307764,806.3404305039885,74.41025865774594
1094.8961828555143,823.5825477502314,72.85244225232934
1095.7174292700415,821.2464145271849,73.05967969984225
1096.5730665237336,855.6372536921762,70.12317397482741
1097.407629443645,834.5629199114729,71.89392024074657
1098.2795852620932,871.9558184481338,68.81082588196406
1099.1703131199913,890.7278578981447,67.36064160110847
1100.0524030576269,882.0899376356598,68.02027484955
1100.9218793583416,869.4763007146394,69.00705625982542
1101.8308461311735,908.9667728319195,66.0090135231982
1102.7291123231098,898.2661919362836,66.79534478600966
1103.5841299743279,855.0176512180165,70.17398987556213
1104.4551895631598,871.0595888319198,68.88162505674183
1105.318312501556,863.1229383961876,69.5150103547115
1106.1548745722828,836.5620707268688,71.72211375525002
1106.9721108281967,817.2362559138855,73.41818178747367
1107.7932238728088,821.1130446120045,73.07154647427558
1108.6171243517692,823.9004789604078,72.8243295545933
1109.4416008272287,824.4764754594014,72.77345295578964
1110.2585060374006,816.9052101718144,73.44793404779557
1111.0786680930787,820.1620556780175,73.15627391515785
1111.9239061278438,845.2380347651272,70.98592057167974
1112.7743901693048,850.4840414609906,70.54806095706387
1113.6436068591536,869.2166898487764,69.02766674951745
1114.5000407960729,856.433936919236,70.05794307478286
1115.397370257825,897.3294617521173,66.86507303888646
1116.2943586872982,896.9884294730468,66.89049493676096
1117.186335336839,891.9766495408705,67.26633486525007
1118.0589696162153,872.6342793762875,68.75732642875869
1118.9370134164158,878.0438002005303,68.3337209217775
1119.8006508697363,863.6374533204731,69.47359655294566
1120.6445408446123,843.8899748760483,71.09931600836101
1121.4684904980186,823.9496534062054,72.81998329868844
1122.2987548041967,830.2643061780766,72.26614411041668
1123.104822365478,806.0675612813152,74.43544794759478
1123.903286769874,798.464404396136,75.14423895374134
1124.7275683274277,824.2815575536664,72.79066169825543
1125.5306963692192,803.1280417914498,74.70788825423723
1126.3554055130255,824.7091438062997,72.75292198541727
1127.1827805360563,827.3750230306754,72.51850530877758
1128.0484739793994,865.6934433431745,69.30859932159039
1128.9113256401129,862.8516607135219,69.53686564198523
1129.7797076569523,868.3820168394872,69.09401488802419
1130.6676634025648,887.9557456124344,67.57093503417474
1131.5501968242947,882.5334217298706,67.9860938097878
1132.4554651131048,905.2682888100625,66.27869410831512
1133.3537619079573,898.2967948526039,66.79306922145373
1134.2454461865866,891.6842786292721,67.28839056379246
1135.1056146892108,860.1685026241704,69.75377477430783
1135.944281514486,838.6668252752163,71.54211683562235
1136.744938174915,800.6566604291063,74.93848857491977
1137.5634688601526,818.5306852375908,73.30207783546209
1138.370578776463,807.1099163103627,74.33931709609655
1139.148138741135,777.5599646719248,77.16446669848254
1139.9606767483144,812.5380071793637,73.84269962740991
1140.7730446899734,812.367941659042,73.85815825950273
1141.5884610519138,815.4163619404274,73.58204078370392
1142.4221310917312,833.6700398175045,71.97092030935208
1143.2661931115936,844.0620198623363,71.08482384953868
1144.1220213629597,855.8282513662288,70.10752438262827
1144.9967446528972,874.7232899374843,68.59312046474508
1145.860026453343,863.281800445858,69.50221812739696
1146.7114864458442,851.4599925012357,70.46719814015563
1147.6031226112127,891.6361653684962,67.2920214886115
1148.5020691236105,898.9465123977259,66.74479423693883
1149.3691241184397,867.0549948292613,69.19976282682632
1150.2176177257502,848.4936073105862,70.7135557451965
1151.065943032266,848.3253065158414,70.72758473565538
1151.8751358897773,809.1928575112385,74.14796045597411
1152.7039017250545,828.7658352772145,72.39680672880363
1153.5077422936665,803.8405686120465,74.6416669459706
1154.3063904607593,798.6481670927072,75.12694885210347
1155.1038718199363,797.4813591770348,75.23686830989669
1155.9130593460313,809.1875260949286,74.14844898753567
1156.7297493587737,816.6900127422945,73.46728754344755
1157.5606673511413,830.917992367685,72.2092920734947
1158.4165601630637,855.8928119222446,70.10223612609428
1159.2613881368713,844.8279738076376,71.02037557963445
1160.1298258803106,868.4377434393242,69.08958120864085
1160.9950163601584,865.1904798477954,69.34889067498203
1161.8839577563963,888.9413962380097,67.49601295869373
1162.7791709193095,895.2131629131413,67.02314318609001
1163.6468928267402,867.7219074307227,69.14657736100813
1164.505141181572,858.2483548319375,69.90983398010617
1165.3487240657637,843.582884191622,71.1251983941045
1166.2056853298095,856.9612640457992,70.01483324547722
1167.0196204079007,813.9350780910839,73.7159530471614
1167.8321015122917,812.4811043910978,73.847871262146
1168.6319925666642,799.8910543724695,75.01021504368642
1169.4165696196171,784.577052952904,76.47432431802417
1170.2221733558472,805.6037362300351,74.47830403664783
1171.0298666245158,807.6932686685964,74.2856259021499
1171.84585857964,815.9919551242781,73.53013669217096
1172.6625013657097,816.6427860696843,73.4715361765042
1173.5042311036668,841.7297379571596,71.28178712756106
1174.3453717165291,841.1406128622548,71.33171206159035
1175.1966063569594,851.234640430297,70.48585331263088
1176.0450209384153,848.4145814559639,70.72014238255315
1176.920053587521,875.0326491056863,68.56887004310305
1177.7915533647274,871.4997772065492,68.84683343502421
1178.6617632086009,870.2098438734472,68.9488867799175
1179.5078258432634,846.0626346625909,70.91673540686259
1180.3413576468777,833.5318036142819,71.98285625075572
1181.1924341203512,851.0764734735676,70.49895264419321
1181.9944519417122,802.0178213609382,74.81130518794014
1182.814120354499,819.6684127868559,73.200332065989
1183.6052116801586,791.0913256596548,75.84459347973352
1184.3723681907102,767.1565105516141,78.2108985255926
1185.158342997123,785.9748064128703,76.33832472803482
1185.9564853849574,798.1423878342933,75.17455646329728
1186.761087361015,804.6019760573953,74.57103236808354
1187.5640051614637,802.9178004486748,74.72745026511016
1188.3864480342884,822.4428728247052,72.95339528437782
1189.205140878022,818.692843733559,73.28755889251038
1190.0608688713485,855.7279933266867,70.11573825783927
1190.9180212491185,857.1523777699238,69.999222490759
1191.7771376797743,859.1164306558605,69.83919508348272
1192.6311616324338,854.023952659515,70.25564073835876
1193.4757957512156,844.6341187818743,71.03667572242001
1194.337907363222,862.1116120065079,69.5965570633644
1195.169361909891,831.4545466690248,72.16269396850633
1195.9924371399507,823.0752300596776,72.89734620691922
1196.8075682942904,815.1311543396479,73.60778652682838
1197.6025173222881,794.9490279978329,75.47653734619519
1198.4012414084623,798.7240861742038,75.11980800202618
1199.182350384845,781.1089763827307,76.81386568857067
1199.9708836338327,788.5332489877013,76.09064053675156
1200.7386416992633,767.7580654305636,78.14961861240964
1201.5344407782993,795.799079035992,75.39591535175218
1202.3581725048757,823.7317265763816,72.83924858566975
1203.1864186244356,828.2461195599008,72.44223496257582
1204.006820493423,820.4018689873179,73.13488945858009
1204.8662986599165,859.478166493574,69.80980127137249
1205.7196311473567,853.332487440143,70.3125696995202
1206.5786235852715,858.9924379148341,69.8492761422293
1207.4445882241087,865.9646388371659,69.28689383964819
1208.2892094754907,844.6212513819794,71.03775793212317
1209.130545220017,841.3357445263654,71.31516804124058
1209.9492773635611,818.7321435441328,73.28404102991685
1210.758741146607,809.4637830457892,74.12314331622908
1211.569958510751,811.2173641439775,73.9629138280514
1212.3645596390993,794.6011283484038,75.50958318510237
1213.1271509491526,762.5913100533634,78.67910269761849
1213.9051018826008,777.9509334482756,77.12568674999768
1214.6702364853068,765.1346027059585,78.4175748787276
1215.4497236109094,779.4871256025808,76.97368953158416
1216.2368064662405,787.0828553312534,76.23085624797184
1217.0490765514467,812.2700852060235,73.86705615876726
1217.8717783877466,822.7018363000906,72.93043160063431
1218.7108021108218,839.0237230751857,71.51168477106737
1219.5659597364845,855.1576256628231,70.16250361270494
1220.4223465071734,856.3867706888982,70.06180157562984
1221.2630458678073,840.6993606338732,71.3691514583299
1222.1198285892417,856.7827214344092,70.02942344536216
1222.9672624511736,847.4338619319634,70.80198549443512
1223.8168553554187,849.5929042451636,70.62205875331327
1224.6558685398757,839.0131844568468,71.51258301005399
1225.456032815943,800.1642760673889,74.98460228052829
1226.2557531756338,799.7203596909067,75.02622544609231
1227.0527316237155,796.97844808172,75.28434444421484
1227.8381410522595,785.4094285440141,76.39327695776143
1228.619540633827,781.399581567533,76.78529834842823
1229.4088714833106,789.3308494835078,76.01375271124968
1230.1922549648575,783.3834815469901,76.590841412069
1230.979644222778,787.3892579205815,76.20119197263901
1231.7842097420246,804.5655192466689,74.5744113620221
1232.5956583479249,811.448605900356,73.94183632052214
1233.435742242092,840.0838941670263,71.42143828324691
1234.2946922088488,858.9499667568413,69.85272987033633
1235.148807004308,854.1147954592542,70.24816841831927
1236.018274851073,869.4678467649514,69.00772722446649
1236.8730267245717,854.7518734985656,70.19580987218589
1237.7349889409568,861.9622163851452,69.608619565281
1238.5780870494011,843.098108444278,71.16609490527107
1239.416507873232,838.4208238307309,71.56310804144987
1240.2461867693182,829.6788960863635,72.31713411420127
1241.0480652443703,801.8784750520306,74.82430551101506
1241.833921433045,785.8561886746813,76.349847293546
1242.635272014872,801.3505818272005,74.87359635178767
1243.4226128934072,787.3408785352075,76.20587427344786
1244.1907133871791,768.1004937719539,78.11477858236317
1244.9557610173179,765.0476301388206,78.42648958877604
1245.7332412643814,777.48024706349,77.17237862520297
1246.5336609083863,800.4196440048376,74.96067900057358
1247.3385537111958,804.8928028094657,74.54408809542207
1248.1591829472645,820.629236068629,73.11462639015973
1248.9859416745498,826.7587272852637,72.57256321564984
1249.8384348757988,852.4932012488921,70.38179297160463
1250.6956479615264,857.2130857275159,69.99426513546285
1251.5432170149597,847.5690534332754,70.79069222378526
1252.4132342184469,870.0172034871879,68.96415353571061
1253.2383498651066,825.1156466596119,72.71707940929646
1254.074952550804,836.6026856973889,71.71863182579222
1254.891989402518,817.0368517140068,73.4361000659028
1255.693060032255,801.0706297371424,74.89976260855796
1256.474588720193,781.5286879378378,76.77261363023996
1257.2656251722995,791.0364521064364,75.84985475729609
1258.0339416667318,768.3164944324611,78.09281778379717
1258.819275896904,785.3342301720443,76.4005918688349
1259.5895800858762,770.3041889723085,77.89130691350418
1260.3724850691572,782.9049832810437,76.63765243714316
1261.1623242319529,789.8391627956634,75.96483287512346
1261.9680819912423,805.7577592895508,74.4640672810932
1262.8022530573605,834.1710661182547,71.92769257654187
1263.632048977575,829.7959202146601,72.30693540223551
1264.4912745929212,859.2256153461306,69.83032038195182
1265.3477427888145,856.4681958931891,70.05514073692778
1266.1934822539918,845.739465177283,70.94383373421371
1267.0560037006808,862.5214466890216,69.56348764465302
1267.8953439909574,839.3402902766534,71.48471328622091
1268.728398920243,833.0549292857711,72.02406214850882
1269.5517806222745,823.3817020312937,72.87021299110631
1270.3604351859756,808.6545637010184,74.19731822868143
1271.1595555926795,799.1204067038693,75.08255263744535
1271.9456074398172,786.0518471378119,76.33084282986323
1272.7335306856814,787.9232458641939,76.14954922949637
1273.5204723569493,786.9416712679786,76.24453271526919
1274.3032693795758,782.7970226264868,76.64822203677329
1275.087404968562,784.1355889861686,76.51737893643588
1275.873883888762,786.4789202000978,76.28939372556185
1276.7232838371497,849.3999483876944,70.63810177277524
1277.5350054909834,811.7216538337357,73.91696367421258
1278.3773027538205,842.2972628371496,71.23375873014139
1279.2369432264743,859.6404726538177,69.79662069047598
1280.0779828914879,841.0396650135814,71.3402738252911
1280.9654279558854,887.4450643975077,67.6098188012735
1281.828480080568,863.0521246826479,69.52071408440428
1282.650491132386,822.0110518180551,72.99171935376907
1283.4762591706399,825.768038253864,72.65962984819998
1284.3021767498522,825.9175792123268,72.64647406732968
1285.1109736678254,808.7969179732809,74.18425894889741
1285.8981750538073,787.2013859818082,76.21937799965531
1286.6777975718794,779.6225180720303,76.9603219624507
1287.4650364047538,787.2388328744474,76.2157524431586
1288.2378688883155,772.832483561708,77.63648821214333
1289.020223106562,782.354218246716,76.69160413611901
1289.8147524460273,794.5293394652084,75.51640577601016
1290.6311500464517,816.3976004243033,73.49360160884406
1291.4425812386057,811.4311921539414,73.94342315178962
1292.2551974823934,812.6162437877754,73.83559024162176
1293.1094621048246,854.2646224311342,70.2358477976616
1293.9562342878814,846.7721830567169,70.85731109329697
1294.8202233703807,863.9890824992243,69.44532195527351
1295.661069553357,840.8461829762844,71.35668950487734
1296.4896952798179,828.6257264607076,72.40904799839704
1297.3373172393563,847.6219595384187,70.78627367402518
1298.1768435913766,839.5263520202463,71.46887034053817
1299.0161071655077,839.2635741311859,71.49124762398107
1299.833111148368,817.0039828603229,73.43905447062888
1300.6333018056148,800.1906572466438,74.98213014189957
1301.4338320787278,800.5302731131001,74.95031982572272
1302.200819201783,766.98712305508,78.22817123839926
1302.9849343478418,784.1151460588383,76.51937384652653
1303.759246722815,774.3123749733697,77.48810678902494
1304.569147342178,809.9006193628907,74.08316349628066
1305.3784746764015,809.3273342236356,74.13564013324259
1306.1995331504074,821.0584740059047,73.076403081577
1307.0443236482085,844.7904978010537,71.02352613597918
1307.883923955802,839.6003075935014,71.4625750578565
1308.7295252594147,845.601303612675,70.95542514381317
1309.5801833043183,850.6580449036387,70.53363024010044
1310.439034845178,858.8515408596837,69.86073511603864
1311.2871938499775,848.1590047995063,70.74145255839524
1312.131863718169,844.6698681913516,71.03366919963054
1312.992920985762,861.0572675932178,69.68177641390666
1313.825287433697,832.3664479348017,72.08363593807391
1314.6255286010805,800.2411673836588,74.97739737155295
1315.429370078542,803.8414774615284,74.64158255365913
1316.1922065063854,762.8364278435556,78.65382119940521
1316.9923706956693,800.1641892837554,74.98461041315448
1317.7587862872974,766.4155916282767,78.28650754941964
1318.550868407772,792.0821204745992,75.74972146076122
1319.3561190394496,805.2506316776505,74.51096297185964
1320.1931891522909,837.0701128412494,71.6785835255105
1321.0122369922935,819.0478400027353,73.25579419121553
1321.8645078530944,852.2708608008751,70.4001541758899
1322.7150557607226,850.5479076281842,70.54276362552515
1323.5677191620946,852.6634013719477,70.36774406343598
1324.4274106974315,859.691535336865,69.7924750142961
1325.2942111325585,866.8004351269547,69.22008523358919
1326.1616510479566,867.4399153981547,69.16905590222929
1327.0049596030137,843.3085550571416,71.1483354938033
1327.8410735103914,836.1139073777746,71.76055734818759
1328.6835750159612,842.5015055697309,71.21648994493579
1329.511872073808,828.2970578468152,72.43777993848236
1330.2877204035065,775.848329698399,77.33470280631296
1331.0950111030888,807.2906995824367,74.3226696790071
1331.8788644493034,783.8533462145596,76.54493061713173
1332.6515418396446,772.6773903411108,77.65207155021326
1333.4498421851895,798.300345544935,75.15968186014358
1334.2604541261094,810.6119409198004,74.01815464489466
1335.0666692559835,806.2151298741569,74.4218233777943
1335.8972726716704,830.6034156870397,72.23664009420254
1336.74863886498,851.3661933096014,70.47496185719564
1337.6005207609612,851.8818959812322,70.43229851819959
1338.459798627004,859.2778660428027,69.82607416191873
1339.3288881731078,869.0895461038564,69.03776517503984
1340.1724036760932,843.5155029853657,71.13087997511404
1341.0519874555205,879.5837794274323,68.21408193663733
1341.9117121769057,859.724721385142,69.78978097004266
1342.7658606924062,854.1485155005719,70.2453951639044
1343.591201775707,825.3410833008044,72.69721720387493
1344.4332815609832,842.0797852762082,71.25215573286748
1345.2407002522905,807.4186913072623,74.31088807574689
1346.0475423922599,806.8421399694416,74.36398897344708
1346.844841146397,797.298754137003,75.25409978213757
1347.630512199304,785.6710529070398,76.36783839495634
1348.436838708228,806.3265089239811,74.41154338342197
1349.2510455459942,814.2068377661682,73.69134870521854
1350.0748028376513,823.7572916572038,72.83698803963757
1350.895353727649,820.550889997865,73.12160736326312
1351.759236710806,863.8829831567417,69.45385100740396
1352.617813843442,858.5771326361364,69.88306317427616
1353.4959338254675,878.1199820254926,68.32779258889265
1354.3898498529136,893.9160274461497,67.12039851373451
1355.2722394120087,882.3895590951959,67.99717809617346
1356.1633685585152,891.1291465065202,67.33030810990424
1357.0368806201468,873.512061631659,68.68823297977617
1357.8940512104002,857.1705902534228,69.99773520258199
1358.745748911849,851.6977014487776,70.44753073530337
1359.58606556584,840.3166539911091,71.40165521536221
1360.397005145267,810.9395794269249,73.98824958377395
1361.192031279727,795.0261344598792,75.4692171732977
1362.0132790963871,821.2478166602426,73.05955496356896
1362.7993693623407,786.0902659535316,76.32711229062186
1363.6134784847898,814.1091224491139,73.70019367858185
1364.4595218513018,846.0433665119797,70.91835049468521
1365.286547652042,827.0258007400477,72.5491271811716
1366.1519568463311,865.4091942893217,69.33136416383037
1367.0145734476225,862.6166012913134,69.5558141475386
1367.871138400498,856.5649528753758,70.04722735688391
1368.7489808203684,877.8424198704694,68.34939693259906
1369.6175646040192,868.5837836508971,69.07796476213666
1370.5137569129593,896.1923089400095,66.94991621939522
1371.3958299508008,882.0730378415042,68.02157806208916
1372.252997360619,857.1674098180968,69.99799492229046
1373.1313106404896,878.3132798705931,68.31275511266338
1373.9764711305777,845.1604900882318,70.99243363084355
1374.8090958403793,832.624709801641,72.06127718008034
1375.624612627764,815.5167873847607,73.5729796469438
1376.4323481914707,807.7355637066966,74.2817361224757
1377.2425180336247,810.1698421539451,74.05854535449254
1378.0654008483266,822.8828147019136,72.9143918526659
1378.8625030680616,797.1022197350918,75.27265451592939
1379.675442059501,812.9389914392016,73.80627652485691
1380.5076645465033,832.2224870023176,72.09610523277402
1381.360394417143,852.729870639731,70.36225898242205
1382.2356657584944,875.271341351548,68.55017086170233
1383.1151914377485,879.5256792541622,68.21858805859995
1383.9973476922437,882.1562544951114,68.01516136655414
1384.8907962664882,893.4485742445213,67.15551597441919
1385.7855255315526,894.7292650642798,67.05939141902265
1386.6775694106293,892.0438790766719,67.26126528899476
1387.539273992557,861.7045819275149,69.62943131367392
1388.4108309826916,871.5569901346915,68.84231401864785
1389.2481742001019,837.3432174103992,71.65520512073697
1390.0814564756088,833.2822755070254,72.00441166649313
1390.8948580956217,813.4016200129802,73.76429862414403
1391.727751726335,832.8936307133838,72.0380103622707
1392.546221094431,818.4693680958776,73.3075693957693
1393.3517937418844,805.5726474533376,74.48117831418236
1394.1601834003466,808.3896584621873,74.22163231793313
1394.975823974834,815.6405744872533,73.56181371643825
1395.8145710665535,838.7470917196121,71.53527039597489
1396.6508109251752,836.2398586216029,71.74974904795813
1397.5190123097948,868.2013846197032,69.10839013034021
1398.3925282469509,873.5159371560618,68.68792823098823
1399.295012912843,902.4846658921186,66.48312405473301
1400.1925311885698,897.518275726768,66.85100640587494
1401.0836303681501,891.0991795804093,67.33257237230553
1401.9709711086196,887.3407404693743,67.61776763260296
1402.8413676248938,870.3965162742253,68.934099434167
1403.712744028161,871.376403267246,68.85658112272561
1404.5692683161724,856.5242880112089,70.05055296133624
1405.408459105473,839.1907893005947,71.4974482143753
1406.2507712260924,842.3121206194933,71.23250221767194
1407.0510635936696,800.2923675772398,74.97260055302118
1407.8639567899393,812.8931962696059,73.81043447693007
1408.6859339833425,821.9771934032487,72.99472598695931
1409.4971107975218,811.1768141793709,73.96661116442185
1410.3221809897636,825.0701922418608,72.7210855078517
1411.1639344414227,841.7534516589818,71.27977899199361
1412.028282075885,864.3476344624095,69.41651438349531
1412.9012205407976,872.9384649125344,68.73336714061719
1413.7504126955016,849.1921547040614,70.6553866137749
1414.642786225601,892.3735300994375,67.23641835646355
1415.5610257906924,918.239565091482,65.34242509363267
1416.4439606205544,882.934829862127,67.9551853327263
1417.3240197637008,880.0591431463206,68.17723611789607
1418.1863625752471,862.342811546334,69.57789778801464
1419.0574715700263,871.1089947791044,68.8777183562601
1419.917585970134,860.1144001076748,69.75816239384994
1420.7639700175941,846.3840474600435,70.88980490600812
1421.589833661849,825.8636442549164,72.65121841527633
1422.4079108480487,818.077186199641,73.34271265860455
1423.2368423039998,828.9314559510279,72.38234183206664
1424.0520664496603,815.2241456605144,73.59939020376603
1424.8857478889722,833.6814393119882,71.96993620190965
1425.699304133435,813.5562444628002,73.7502789860812
1426.541123561142,841.8194277071311,71.27419257051643
1427.3959454010983,854.8218399561713,70.19006440345083
1428.2375887893304,841.6433882321222,71.28910039444428
1429.1247467095213,887.1579201910107,67.63170190385227
1430.0200108533352,895.2641438139564,67.01932654690181
1430.917342112176,897.3312588407849,66.86493912795464
1431.8215063195275,904.1642073517243,66.35962750144533
1432.6983773735428,876.8710540152824,68.42511190813501
1433.570458163355,872.0807898121519,68.8009651180645
1434.4342497942603,863.7916309052911,69.46119625761759
1435.2945663973005,860.3166030403198,69.74176691227709
1436.1301686044524,835.6022071518349,71.80450157558951
1436.9399767881607,809.8081837083587,74.09161972807152
1437.7380062710429,798.0294828822666,75.18519213512793
1438.5356447019947,797.6384309518102,75.22205258891913
1439.3348437630293,799.1990610346443,75.07516327950124
1440.1758724894335,841.0287264040405,71.34120169300289
1440.9757926473264,799.9201578929468,75.00748594465323
1441.8197300213405,843.9373740140264,71.09532276621604
1442.668888488167,849.1584668266546,70.65818965949057
1443.5528330003142,883.9445121471474,67.87756377858703
1444.4270063395336,874.1733392194207,68.6362730457738
1445.3093169208692,882.3105813356448,68.00326468846355
1446.213105925361,903.7890044919894,66.38717632300184
1447.0899913826213,876.8854572600948,68.4239879943673
1447.960946514744,870.9551321226775,68.88988627206201
1448.8496888309146,888.7423161706066,67.51113220143121
1449.7074883833675,857.7995524529272,69.94641093997606
1450.5645680202947,857.0796369271766,70.00516336511448
1451.3983826616043,833.8146413095925,71.95843899522293
1452.2272249609855,828.8422993812266,72.39012782623799
1453.0370704430825,809.845482096983,74.08820735115826
1453.8266057589724,789.5353158899711,75.99406738679887
1454.6460671097598,819.4613507873886,73.21882837103706
1455.4715388951877,825.4717854278107,72.68570659735424
1456.3017931186412,830.2542234534297,72.26702172068565
1457.137210564481,835.4174458398542,71.82038189264931
1457.9805612320022,843.3506675212841,71.14478272288288
1458.8518760506643,871.314818662069,68.86144791171102
1459.7248164095975,872.940358933083,68.73321800968469
1460.60502815887,880.2117492724985,68.1654159349616
1461.4896941672262,884.666008356038,67.82220570619316
1462.3673819742585,877.6878070322495,68.36143731206623
1463.2466702239594,879.2882497010089,68.23700876294237
1464.1194649002614,872.7946763018589,68.74469062326041
1464.98755705351,868.0921532487163,69.11708598615735
1465.8358953498248,848.3382963146558,70.72650175130782
1466.6724362678874,836.5409180627183,71.72392731122997
1467.489040553906,816.6042860187691,73.47500010380908
1468.298931262496,809.8907085898934,74.08407006479484
1469.1142881161165,815.356853620583,73.58741112381735
1469.9374581156542,823.1699995377016,72.8889537200049
1470.7474796563959,810.0215407417073,74.07210423695669
1471.5652817773453,817.8021209494462,73.36738125641153
1472.3805234921615,815.2417148162036,73.59780407400646
1473.2162551272356,835.7316350741161,71.79338137017986
1474.083571199139,867.3160719032505,69.17893250650269
1474.9479362133895,864.3650142505259,69.41511862557839
1475.8229311657606,874.9949523711106,68.57182414299491
1476.6949885639349,872.0573981743672,68.8028106012387
1477.5677420508864,872.753486951439,68.74793500921122
1478.4374851281218,869.7430772353797,68.98588970747521
1479.3164355160063,878.9503878846018,68.26323854797303
1480.163755846275,847.3203302686653,70.81147218664682
1481.0188909923072,855.1351460320794,70.1643480313101
1481.8338244754025,814.9334830953508,73.62564091992246
1482.6795875432495,845.763067846986,70.94185390802036
1483.5009762286716,821.3886854221515,73.04702519631505
1484.2892310782702,788.2548495986098,76.11751457102082
1485.099967274383,810.7361961129103,74.00681046149303
1485.9023632657008,802.3959913178296,74.77604655209943
1486.7281328843258,825.769618624896,72.65949079104455
1487.5819003104182,853.7674260924647,70.27675004492603
1488.423038387362,841.1380769438586,71.33192711712738
1489.2583081575135,835.2697701515057,71.83307973556481
1490.1206719466156,862.36378910214,69.57620526074001
1490.9923067844975,871.6348378819121,68.83616555047415
1491.8648153671065,872.5085826091022,68.76723185986236
1492.7303334101953,865.5180430886455,69.32264495132524
1493.6155655532648,885.2321430695463,67.77883120234398
1494.4619997332907,846.4341800259413,70.88560624780197
1495.3121799448488,850.1802115581182,70.57327280064364
1496.140336382171,828.1564373221859,72.45007983516719
1496.99517995997,854.8435777990206,70.18827953820856
1497.8036741809613,808.4942209911299,74.21203323685634
1498.602252740832,798.5785598706349,75.13349720999229
1499.4163538931966,814.1011523646516,73.70091520657232
1500.2329524178658,816.5985246690941,73.47551849216661
1501.0512758638827,818.3234460169267,73.32064147989587
1501.86196894934,810.6930854572764,74.01074596085475
1502.6926153656648,830.646416324689,72.23290057095338
1503.529995448538,837.380082873273,71.65205051704132
1504.3831992336336,853.2037850956119,70.32317606663719
1505.2429752967346,859.7760631009154,69.78561345799825
1506.1115088821093,868.5335853746221,69.08195723268476
1506.996911303087,885.4024209775982,67.76579618310991
1507.8740719012674,877.1605981802626,68.40252528952468
1508.7368400368355,862.7681355681257,69.54359755125924
1509.6007224369662,863.8824001306916,69.45389788115021
1510.4367936922263,836.071255260031,71.76421820809888
1511.2500697388691,813.2760466427966,73.77568815370869
1512.062742170874,812.6724320047233,73.83048524482405
1512.8928004598044,830.0582889306194,72.28408028705935
1513.7099590347998,817.1585749953987,73.42516108374419
1514.5119484000857,801.9893652859668,74.81395963225235
1515.3243009116777,812.3525115921502,73.85956114348005
1516.117280588887,792.9796772094412,75.66398197132213
1516.9211429834945,803.8623946075571,74.63964031964923
1517.7359829163074,814.8399328129465,73.63409374510063
1518.5675695112097,831.5865949023848,72.15123520244221
1519.4037344430383,836.1649318286177,71.75617837594
1520.2484921826729,844.7577396345569,71.02628029896012
1521.101980904215,853.4887215420489,70.2996987371953
1521.9737992195292,871.8183153142464,68.82167872141231
1522.8487164286864,874.9172091573473,68.5779172840678
1523.687368089115,838.6516604283795,71.54341048982396
1524.553767680197,866.3995910821549,69.2521102474881
1525.3875655098211,833.7978296241084,71.95988987768068
1526.2045040181185,816.9385082973804,73.44494033589969
1527.019849840252,815.3458221334012,73.58840674869273
1527.8158401836395,795.990343387505,75.37779886205318
1528.6144608859324,798.6207022928721,75.1295324898761
1529.397359788859,782.8989029266032,76.63824764054498
1530.1701281766227,772.7683877637451,77.64292762237515
1530.9577488664634,787.6206898406879,76.17880126045979
1531.7738731294178,816.1242629545176,73.51821618780103
1532.5845140706954,810.6409412775752,74.0155066748043
1533.3968271757826,812.3131050872273,73.86314417955515
1534.2301786526284,833.351476845773,71.99843243465457
1535.066077559025,835.8989063966038,71.7790148316478
1535.930226791949,864.1492329241744,69.43245184279965
1536.801518843297,871.2920513479203,68.86324729713513
1537.645289449392,843.7706060952555,71.10937447520712
1538.4924938554202,847.204406028243,70.82116142582926
1539.3188758294211,826.3819740009808,72.60564955150969
1540.149684194085,830.8083646638729,72.21882031035484
1540.9643496459537,814.6654518686828,73.64986432451722
1541.7743024824774,809.9528365237885,74.07838740032338
1542.5628574104062,788.5549279288051,76.08854865392092
1543.3430588646243,780.2014542179872,76.90321477308613
1544.138544498591,795.4856339667473,75.42562359147281
1544.928799985173,790.2554865820218,75.92481294816358
1545.6975222615051,768.7222763320449,78.05159528651849
1546.484001480795,786.4792192899523,76.2893647135001
1547.2764264797686,792.4249989735705,75.71694491935276
1548.076848724835,800.422245066295,74.96043540747733
1548.8971241443212,820.2754194862214,73.14616356245435
1549.733551327019,836.4271826977916,71.7336801590755
1550.5979579156153,864.4065885962927,69.41178004836107
1551.4475506944214,849.5927788060287,70.62206918039101
1552.3174246783065,869.8739838850872,68.97550807534688
1553.1692271160214,851.8024377149808,70.43886861952892
1554.0124143768571,843.1872608356831,71.15857032817833
1554.8344715911912,822.0572143340871,72.98762051325515
1555.6451522207913,810.6806296001275,74.01188311307662
1556.449970357052,804.8181362607794,74.55100388115339
1557.246813553552,796.8431965000617,75.29712277589277
1558.052838397806,806.0248442539772,74.43939281491191
1558.8268113304434,773.972932637515,77.52209085081867
1559.6079718322437,781.1605018003081,76.80879903902014
1560.4064018015902,798.429969346455,75.14747980854509
1561.20626572046,799.8639188697854,75.01275977641362
1562.0223606252391,816.09490477919,73.5208609300583
1562.8160879295035,793.7273042644821,75.59271260751171
1563.6545410507713,838.4531212677914,71.56035141150933
1564.4790435105501,824.5024597789076,72.77115948943215
1565.3224790328932,843.4355223430891,71.1376251184183
1566.1874317650086,864.9527321153919,69.36795245823387
1567.0290828623536,841.6510973450861,71.28844742110441
1567.8593953971392,830.3125347856992,72.26194653978793
1568.6956801233464,836.2847262072298,71.74589959584185
1569.5291624600713,833.4823367250691,71.98712840844699
1570.3517572853889,822.5948253175859,72.93991908693968
1571.1506285116477,798.8712262588367,75.10597206133423
1571.9443619583685,793.7334467207546,75.59212761902013
1572.7142569434861,769.8949851175754,77.93270661561334
1573.4761309161786,761.8739726925347,78.75318248233933
1574.2497996877894,773.6687716107085,77.55256797438705
1575.0114921427248,761.6924549354296,78.77195003209837
1575.779350238866,767.8580961412238,78.13943787468362
1576.573747014507,794.3967756409529,75.52900746807471
1577.3846634860206,810.916471513491,73.99035795637035
1578.2015004950667,816.8370090462355,73.45406652186081
1579.0224117922323,820.911297165661,73.08950456299046
1579.9026262666114,880.2144743791036,68.16520489773077
1580.7583641839312,855.7379173198667,70.1149251255774
1581.6167368255624,858.3726416310759,69.89971148892661
1582.4749083931924,858.1715676300598,69.91608934993843
1583.3078303772274,832.9219840349691,72.03555813155363
1584.1373504204387,829.5200432112484,72.33098282680096
1584.955701939511,818.3515190724063,73.31812625949473
1585.7739659197457,818.2639802345898,73.32596991841004
1586.565631504732,791.6655849862155,75.78957723802623
1587.3408816008116,775.2500960795127,77.39437931504128
1588.0887604829127,747.8788821010305,80.226894268549
1588.8616262932014,772.8658102886794,77.63314045110744
1589.6535836419857,791.9573487842199,75.76165571556285
1590.4425522400206,788.9685980347946,76.0486540902277
1591.266060002045,823.5077620243792,72.85905824676824
1592.079211729177,813.1517271319229,73.78696742319752
1592.9170939550236,837.8822258466175,71.60910942987778
1593.7734545677158,856.3606126923453,70.06394165112718
1594.6437298916296,870.2753239138522,68.94369902407959
1595.4930372454849,849.3073538553324,70.64580299185795
1596.3628829552947,869.845709809779,68.97775010366036
1597.1950934705449,832.2105152501964,72.09714237023496
1598.0145940292969,819.5005587519619,73.21532530908279
1598.8548171321245,840.2231028276736,71.40960513710816
1599.6583951406064,803.5780084818781,74.66605527614198
1600.461300019817,802.9048792105139,74.72865286233811
1601.2583374616831,797.0374418662636,75.27877217350036
1602.035838662143,777.501200459895,77.17029885549985
1602.8138976394584,778.0589773153335,77.1149768196596
1603.5860933080442,772.1956685856245,77.70051353680564
1604.363271118864,777.1778108199268,77.20241000794873
1605.1778825218578,814.6114029937953,73.65475093951883
1605.9846342695118,806.7517476541132,74.37232106960914
1606.8118986038326,827.2643343206045,72.52820834984423
1607.6324164410084,820.51783717587,73.12455291223557
1608.4691616226405,836.7451816321372,71.70641829447442
1609.29461161468,825.4499920394716,72.68762563284501
1610.1474950972577,852.8834825777054,70.34958611070705
1611.0027710540712,855.2759568135149,70.15279632499065
1611.8517106673833,848.9396133120088,70.67640508129799
1612.7070605625988,855.3498952156245,70.14673215675631
1613.5276930596922,820.6324970933483,73.11433584767592
1614.3422753308091,814.5822711169914,73.6573850517583
1615.1371785185036,794.9031876943458,75.48088991067306
1615.9779985860073,840.8200675036416,71.35890580982137
1616.7653104735682,787.3118875608886,76.20868038190234
1617.5348641322475,769.5536586792916,77.96727274738974
1618.3085944363079,773.7303040603538,77.54640045133839
1619.0981364553386,789.5420190308043,75.99342220399174
1619.882856816341,784.7203610024852,76.46035834134547
1620.694043611026,811.1867946850723,73.96570110993221
1621.4996324094463,805.5887984202536,74.47968506719434
1622.3364132109848,836.780801538418,71.70336591098918
1623.1674148797954,831.0016688105392,72.20202106920131
1624.023791009039,856.3761292437113,70.06267217301773
1624.864989936445,841.1989274058516,71.3267671239575
1625.7214526412902,856.4627048450917,70.05558988216795
1626.5588208952313,837.3682539410892,71.65306269685875
1627.3914345849112,832.613689679878,72.06223095259064
1628.2266961713422,835.2615864310307,71.83378354124073
1629.036060634338,809.3644629958377,74.13223923609377
1629.8565601779933,820.4995436554204,73.1261832671997
1630.6480806324228,791.5204544294462,75.8034737627216
1631.434220254697,786.1396222742692,76.32232023418753
1632.22496898613,790.7487314329825,75.8774533741824
1633.0071392973034,782.1703111732472,76.70963617885296
1633.798281837336,791.1425400325165,75.83968370293165
1634.5822434126405,783.961575304585,76.53436327754811
1635.4098914768667,827.648064226283,72.4945814451826
1636.2382487485984,828.3572717316814,72.43251438424626
1637.0622126145865,823.9638659882622,72.81872722420418
1637.8936401928365,831.4275782500721,72.16503465795975
1638.7585998563447,864.95966350815,69.36739657505966
1639.6046710891678,846.0712328229703,70.91601471876807
1640.4606785815572,856.0074923894402,70.0928444358791
1641.30165052703,840.9719454728894,71.34601852415092
1642.135787652436,834.1371254060062,71.93061928612244
1642.9479173255331,812.129673097253,73.87982730784296
1643.7815476991907,833.6303736574863,71.97434486072625
1644.5702345455593,788.686846368541,76.07582182493118
1645.3561419780538,785.9074324943917,76.34486902556193
1646.1498258071283,793.6838290745901,75.59685330865072
1646.9522933334163,802.467526287964,74.76938073437891
1647.7506644462092,798.3711127929229,75.15301974053571
1648.5527778369042,802.1133906949283,74.80239165190561
1649.366978296136,814.2004592319186,73.69192601119558
1650.183490830091,816.5125339548033,73.48325653911051
1651.0197414223944,836.2505923034164,71.7488281051408
1651.8460929935475,826.351571153132,72.60832083404043
1652.7118625027679,865.7695092202928,69.30250991864528
1653.5716233183905,859.7608156225386,69.78685107503415
1654.430600247432,858.976929041493,69.85053727456012
1655.2950797828112,864.4795353790893,69.40592292180631
1656.1517260494586,856.646266647433,70.0405783997819
1657.014367469699,862.6414202404869,69.55381296584764
1657.8688789555372,854.5114858382761,70.21555706900764
1658.6724074595372,803.5285040001545,74.6706553673029
1659.4795841362004,807.176676663205,74.3331686044678
1660.2728946384423,793.3105022418201,75.63242870281648
1661.0858532939742,812.9586555320128,73.80449127604781
1661.882700892581,796.8475986068463,75.29670680428715
1662.6775320342056,794.8311416246517,75.48773174307027
1663.4689011438802,791.3691096746127,75.81797073766275
1664.275750485065,806.8493411847895,74.36332526701344
1665.0808142435105,805.0637584455646,74.52825862618553
1665.9201689727108,839.3547292002866,71.48348357692142
1666.7871473830241,866.9784103133337,69.20587558612384
1667.6646523674717,877.5049844476464,68.37567998290922
1668.5183979328342,853.745565362559,70.2785495284182
1669.3694375520372,851.0396192029453,70.50200560133023
1670.253169579971,883.7320279337026,67.89388423580047
1671.1000160288536,846.8464488825332,70.85109712530974
1671.9575162301971,857.5002013435112,69.970829051694
1672.8113664211987,853.8501910015709,70.26993801994665
1673.651814842844,840.4484216452139,71.39046068115331
1674.4828274296601,831.0125868160887,72.20107246495725
1675.2978938325425,815.0664028823363,73.61363416259185
1676.106073062984,808.1792304414489,74.2409576242468
1676.8866931649552,780.6201019710787,76.86197146153296
1677.679047922787,792.3547578317663,75.72365712068996
1678.4668067426123,787.7588198253953,76.1654436484746
1679.2612619776476,794.4552350353121,75.52344972254241
1680.0845502546001,823.2882769526348,72.87848215461946
1680.9073879780026,822.8377234025792,72.91838754291601
1681.7536102574234,846.222279420885,70.90335655197025
1682.6295850210204,875.9747635969329,68.4951239389907
1683.5059614662043,876.3764451838802,68.46372963322956
1684.390778481903,884.8170156985784,67.81063082588771
1685.2610434709256,870.2649890227045,68.94451776967286
1686.1282209055348,867.177434609258,69.1899922730755
1686.9964598365948,868.2389310599059,69.10540158197557
1687.824078534744,827.6186981492754,72.49715374262601
1688.6594024165745,835.3238818303414,71.82842644044781
1689.4833800345148,823.9776179403622,72.81751190035683
1690.3111151071976,827.7350726828836,72.48696108227712
1691.1252065408758,814.0914336781201,73.7017950538012
1691.9303389421082,805.132401232491,74.52190460618952
1692.7248364537927,794.497511684627,75.51943098321091
1693.5487320468546,823.8955930620164,72.82476142032681
1694.3925452279427,843.8131810879697,71.1057866181221
1695.2383306041568,845.7853762139692,70.93998275139369
1696.0975953735915,859.2647694348008,69.82713842610613
1696.9629648590794,865.369485487963,69.334545539432
1697.8164658082778,853.5009491983839,70.29869159062162
1698.7166771496438,900.2113413660721,66.65101542594421
1699.589213405617,872.5362559733089,68.76505083799682
1700.4978541512,908.640745582907,66.03269806210272
1701.3700013585667,872.14720736657,68.79572564495015
1702.2253071729074,855.3058143407649,70.15034738919152
1703.0853818729454,860.074700038002,69.76138235126429
1703.9479704453997,862.5885724544509,69.55807428479272
1704.7687694636927,820.79901829302,73.0995026343713
1705.5884371940529,819.6677303600952,73.20039301003212
1706.386977868997,798.5406749441295,75.1370617460381
1707.1885897305904,801.6118615932938,74.8491918280042
1707.983056864348,794.4671337577572,75.52231860895927
1708.7836211124265,800.5642480783333,74.94713902603498
1709.5991033558191,815.4822433925311,73.57609621319381
1710.4403148670078,841.2115111887266,71.32570013837928
1711.2767634126853,836.4485456774727,71.73184807369547
1712.136090544502,859.327131816697,69.82207098844238
1712.9836701916033,847.5796471013746,70.78980743012546
1713.8899887563875,906.318564784141,66.20188786962592
1714.7811591459315,891.1703895439772,67.32719208803911
1715.6615915127068,880.4323667751909,68.14833514102324
1716.5544057193015,892.8142065946649,67.2032317102676
1717.4258361188363,871.4303995346905,68.85231457616997
1718.2601144820344,834.2783631980245,71.91844190948817
1719.106406944988,846.2924629537293,70.89747649481367
1719.9380702166384,831.6632716502426,72.14458308462262
1720.76168700971,823.6167930715777,72.8494131065946
1721.593252892836,831.5658831260497,72.15303227021055
1722.39344441789,800.191525053722,74.98204882383854
1723.2189020410976,825.4576232076539,72.68695365226068
1724.0265170280156,807.6149869180412,74.29282637382379
1724.8608840030904,834.3669750747905,71.91080398960152
1725.6978984588925,837.0144558020563,71.6833497726224
1726.5436519938908,845.7535349983509,70.94265352389806
1727.4238747755796,880.2227816889556,68.16456157255222
1728.3164738859832,892.5991104035035,67.21942616868252
1729.2287744278262,912.3005418429701,65.76780046495632
1730.106813852678,878.0394248517555,68.3340614348042
1731.0235096743143,916.6958216361894,65.45246371136216
1731.906739840329,883.2301660147833,67.93246235092442
1732.8016633193522,894.9234790230942,67.04483836483594
1733.6509423143673,849.2789950150598,70.64816197289332
1734.4963002120908,845.3578977235829,70.97585550637268
1735.3434008108936,847.1005988029548,70.82984014506249
1736.1578429480114,814.4421371178494,73.67005863955934
1736.9876536193888,829.8106713772357,72.30565003510749
1737.8179408981755,830.287278786705,72.26414463157586
1738.6275200798323,809.579181656712,74.11257769402717
1739.4405889093287,813.0688294963323,73.79449048264203
1740.2697233650358,829.134455707132,72.3646202217331
1741.0840970733739,814.373708338129,73.67624885931107
1741.9509091619175,866.8120885436907,69.21915463916118
1742.8398611431476,888.9519812301276,67.49520926537818
1743.715514845531,875.6537023835077,68.52023789390884
1744.585673913049,870.159067517936,68.9529101514112
1745.480763005815,895.0890927661543,67.03243340233088
1746.3758313007634,895.0682949482668,67.03399096877617
1747.2615689879772,885.7376872138017,67.74014571824021
1748.1586106542475,897.0416662704068,66.8865251816669
1749.0229834126785,864.37275843114,69.41449671424354
1749.879989149904,857.0057372256391,70.01119991825998
1750.7134179206269,833.4287707226999,71.99175515379864
1751.5571440205313,843.726099904311,71.11312546430025
1752.379746195088,822.6021745568266,72.93926743182358
1753.195437694578,815.6914994899544,73.55722112773952
1754.0157375167203,820.2998221423512,73.14398757676173
1754.8333368140054,817.5992972850955,73.38558166480188
1755.6685619953969,835.2251813914568,71.83691456720933
1756.4962331337492,827.6711383523908,72.49256041407872
1757.343244556759,847.0114230096414,70.83729731389589
1758.2142901716388,871.0456148798639,68.88273010624742
1759.0828309282401,868.5407566013231,69.08138684796475
1759.967026763571,884.1958353309901,67.85827030901993
1760.8493236235438,882.2968599728157,68.00432226614595
1761.7248551179894,875.5314944455246,68.52980204669632
1762.6027186006718,877.8634826824601,68.34775700734227
1763.482797202246,880.0786015743413,68.17572872771606
1764.3551266181437,872.3294158975335,68.78135588064106
1765.2106798014522,855.5531833085774,70.13006458344208
1766.049695938983,839.0161375306965,71.51233130817442
1766.8610508022718,811.354863288895,73.95037943913341
1767.6683269876212,807.2761853492541,74.32400594604688
1768.4748009124949,806.4739248736714,74.39794164380278
1769.2739584774354,799.1575649405738,75.07906154208985
1770.0782674473228,804.3089698873026,74.59819826254956
1770.9077819111803,829.5144638575858,72.33146932842514
1771.7368525832471,829.0706720667259,72.37018751420872
1772.581656459893,844.8038766458922,71.02240136280717
1773.4636617320245,882.0052721314761,68.02680425594565
1774.3238226751023,860.1609430778051,69.75438780713478
1775.2074031494956,883.5804743933516,67.90552953447141
1776.09630162736,888.8984778643959,67.49927184502748
1776.9916655865793,895.3639592192974,67.01185521507514
1777.8770518089427,885.3862223634145,67.76703599457241
1778.7700605927091,893.0087837663197,67.18858883665881
1779.6254109358858,855.3503431766321,70.14669541976187
1780.4897092909669,864.2983550810327,69.42047227936084
1781.3434928644563,853.7835734893732,70.27542091818754
1782.1572858379163,813.7929734601779,73.72882533611116
1782.9734612437398,816.1754058235764,73.51360941764219
1783.7805342917452,807.0730480053037,74.34271302739093
1784.6000527811427,819.5184893975344,73.21372339519607
1785.4356340085844,835.5812274417874,71.80630443756593
1786.2726470597147,837.013051130196,71.6834700713252
1787.1046930863056,832.0460265909624,72.11139538257332
1787.942337015722,837.6439294162574,71.62948108728392
1788.8188571538105,876.5201380886406,68.45250598672763
1789.7062899121192,887.4327583086283,67.61075635111207
1790.5803495389687,874.059626849422,68.64520240600983
1791.465504716181,885.1551772122779,67.78472469535227
1792.3628045221408,897.2998059598871,66.86728293205744
1793.2199065798206,857.1020576798699,70.00333211475053
1794.0933980222846,873.4914424639464,68.68985439714427
1794.948010792066,854.6127697814012,70.20723551246165
1795.7987243518216,850.713559755588,70.52902744049142
1796.6239982487034,825.2738968817628,72.70313556106115
1797.4633654336908,839.3671849873297,71.48242279796261
1798.2768931605888,813.5277268978926,73.75286424322537
1799.0638230038624,786.929843273673,76.24567871310686
1799.8780051435483,814.1821396859539,73.69358412006333
1800.6700504132955,792.0452697470753,75.75324579510445
1801.5115792480215,841.5288347260437,71.29880465656623
1802.3571529941196,845.5737460980338,70.9577376034612
